format,player,position,team,age,sources,rank_summary,best_primary_overall_rank,worst_primary_overall_rank,overall_rank_delta,position_rank_delta,candidate_type
1QB,Oscar Delp,TE,NOS,22.8,DynastyProcess;FantasyCalc;FantasyPros;KeepTradeCut,FantasyCalc OVR=255 POS=29 VAL=984;FantasyPros OVR=183 POS=28 VAL=;KeepTradeCut OVR=423 POS=64 VAL=1155;DynastyProcess OVR=192.2 POS=30.1 VAL=115,183,423,240.0,36.0,major_rank_disagreement
1QB,Adam Randall,RB,BAL,-1.0,DynastyProcess;FantasyCalc;FantasyPros;KeepTradeCut,FantasyCalc OVR=224 POS=63 VAL=1235;FantasyPros OVR=225 POS=65 VAL=;KeepTradeCut OVR=454 POS=123 VAL=933;DynastyProcess OVR=248.5 POS=68.8 VAL=31,224,454,230.0,60.0,major_rank_disagreement
SF,Adam Randall,RB,BAL,-1.0,DynastyProcess;FantasyCalc;KeepTradeCut,FantasyCalc OVR=253 POS=63 VAL=1130;KeepTradeCut OVR=452 POS=115 VAL=920;DynastyProcess OVR=242.8 POS=68.8 VAL=35,253,452,199.0,52.0,major_rank_disagreement
1QB,Seth McGowan,RB,IND,-1.0,DynastyProcess;FantasyCalc;FantasyPros;KeepTradeCut,FantasyCalc OVR=328 POS=78 VAL=553;FantasyPros OVR=243 POS=73 VAL=;KeepTradeCut OVR=437 POS=117 VAL=1047;DynastyProcess OVR=280.2 POS=76.2 VAL=15,243,437,194.0,44.0,major_rank_disagreement
SF,Carson Beck,QB,ARI,-1.0,DynastyProcess;FantasyCalc;KeepTradeCut,FantasyCalc OVR=164 POS=32 VAL=1639;KeepTradeCut OVR=355 POS=50 VAL=1444;DynastyProcess OVR=170.6 POS=41.1 VAL=191,164,355,191.0,18.0,major_rank_disagreement
1QB,Kaelon Black,RB,SFO,-1.0,DynastyProcess;FantasyCalc;FantasyPros;KeepTradeCut,FantasyCalc OVR=220 POS=62 VAL=1256;FantasyPros OVR=259 POS=78 VAL=;KeepTradeCut OVR=389 POS=103 VAL=1396;DynastyProcess OVR=248.1 POS=74.2 VAL=31,220,389,169.0,41.0,major_rank_disagreement
1QB,Eli Raridon,TE,NEP,22.3,DynastyProcess;FantasyCalc;FantasyPros;KeepTradeCut,FantasyCalc OVR=267 POS=31 VAL=906;FantasyPros OVR=244 POS=36 VAL=;KeepTradeCut OVR=405 POS=61 VAL=1294;DynastyProcess OVR=202.9 POS=32.3 VAL=89,244,405,161.0,30.0,major_rank_disagreement
1QB,Bryce Lance,WR,NOS,23.8,DynastyProcess;FantasyCalc;FantasyPros;KeepTradeCut,FantasyCalc OVR=290 POS=95 VAL=815;FantasyPros OVR=262 POS=109 VAL=;KeepTradeCut OVR=413 POS=161 VAL=1218;DynastyProcess OVR=208.3 POS=90.6 VAL=79,262,413,151.0,66.0,major_rank_disagreement
1QB,De'Zhaun Stribling,WR,SFO,23.4,DynastyProcess;FantasyCalc;FantasyPros;KeepTradeCut,FantasyCalc OVR=164 POS=60 VAL=1581;FantasyPros OVR=158 POS=68 VAL=;KeepTradeCut OVR=307 POS=118 VAL=2027;DynastyProcess OVR=167.1 POS=73.3 VAL=207,158,307,149.0,58.0,major_rank_disagreement
1QB,Geno Smith,QB,NYJ,35.6,DynastyProcess;FantasyCalc;FantasyPros;KeepTradeCut,FantasyCalc OVR=288 POS=34 VAL=822;FantasyPros OVR=236 POS=33 VAL=;KeepTradeCut OVR=385 POS=44 VAL=1428;DynastyProcess OVR=233.8 POS=35 VAL=43,236,385,149.0,11.0,major_rank_disagreement
SF,Oscar Delp,TE,NOS,22.8,DynastyProcess;FantasyCalc;KeepTradeCut,FantasyCalc OVR=260 POS=29 VAL=1068;KeepTradeCut OVR=406 POS=59 VAL=1144;DynastyProcess OVR=198.9 POS=30.1 VAL=98,260,406,146.0,30.0,major_rank_disagreement
SF,Eli Raridon,TE,NEP,22.3,DynastyProcess;FantasyCalc;KeepTradeCut,FantasyCalc OVR=269 POS=31 VAL=986;KeepTradeCut OVR=407 POS=60 VAL=1144;DynastyProcess OVR=209.2 POS=32.3 VAL=77,269,407,138.0,29.0,major_rank_disagreement
1QB,Aaron Rodgers,QB,PIT,42.5,DynastyProcess;FantasyCalc;FantasyPros;KeepTradeCut,FantasyCalc OVR=306 POS=36 VAL=728;FantasyPros OVR=240 POS=35 VAL=;KeepTradeCut OVR=375 POS=41 VAL=1466;DynastyProcess OVR=250.7 POS=38.2 VAL=29,240,375,135.0,6.0,major_rank_disagreement
SF,Kaelon Black,RB,SFO,-1.0,DynastyProcess;FantasyCalc;KeepTradeCut,FantasyCalc OVR=252 POS=62 VAL=1130;KeepTradeCut OVR=379 POS=96 VAL=1287;DynastyProcess OVR=250.2 POS=74.2 VAL=29,252,379,127.0,34.0,major_rank_disagreement
1QB,Brenen Thompson,WR,LAC,-1.0,DynastyProcess;FantasyCalc;FantasyPros;KeepTradeCut,FantasyCalc OVR=266 POS=89 VAL=909;FantasyPros OVR=287 POS=113 VAL=;KeepTradeCut OVR=390 POS=150 VAL=1395;DynastyProcess OVR=237.1 POS=102.6 VAL=40,266,390,124.0,61.0,major_rank_disagreement
1QB,Najee Harris,RB,FA,28.2,DynastyProcess;FantasyCalc;FantasyPros;KeepTradeCut,FantasyCalc OVR=373 POS=90 VAL=268;FantasyPros OVR=249 POS=74 VAL=;KeepTradeCut OVR=288 POS=79 VAL=2192;DynastyProcess OVR=283.1 POS=75.4 VAL=14,249,373,124.0,16.0,major_rank_disagreement
1QB,Devaughn Vele,WR,NOS,28.4,DynastyProcess;FantasyCalc;FantasyPros;KeepTradeCut,FantasyCalc OVR=384 POS=126 VAL=200;FantasyPros OVR=261 POS=108 VAL=;KeepTradeCut OVR=320 POS=125 VAL=1916;DynastyProcess OVR=265.2 POS=110.3 VAL=21,261,384,123.0,18.0,major_rank_disagreement
1QB,Isaac Guerendo,RB,SFO,25.9,DynastyProcess;FantasyCalc;FantasyPros;KeepTradeCut,FantasyCalc OVR=405 POS=96 VAL=136;FantasyPros OVR=282 POS=84 VAL=;KeepTradeCut OVR=319 POS=84 VAL=1922;DynastyProcess OVR=291.8 POS=82.7 VAL=11,282,405,123.0,12.0,major_rank_disagreement
SF,Drew Allar,QB,PIT,-1.0,DynastyProcess;FantasyCalc;KeepTradeCut,FantasyCalc OVR=249 POS=39 VAL=1137;KeepTradeCut OVR=371 POS=56 VAL=1341;DynastyProcess OVR=227.8 POS=47.7 VAL=50,249,371,122.0,17.0,major_rank_disagreement
1QB,Theo Johnson,TE,NYG,25.2,DynastyProcess;FantasyCalc;FantasyPros;KeepTradeCut,FantasyCalc OVR=325 POS=41 VAL=593;FantasyPros OVR=203 POS=31 VAL=;KeepTradeCut OVR=231 POS=30 VAL=2785;DynastyProcess OVR=199.8 POS=31.3 VAL=96,203,325,122.0,11.0,major_rank_disagreement
1QB,Ted Hurst,WR,TBB,21.9,DynastyProcess;FantasyCalc;FantasyPros;KeepTradeCut,FantasyCalc OVR=176 POS=64 VAL=1493;FantasyPros OVR=154 POS=67 VAL=;KeepTradeCut OVR=274 POS=104 VAL=2374;DynastyProcess OVR=160.4 POS=72 VAL=242,154,274,120.0,40.0,major_rank_disagreement
1QB,Cedric Tillman,WR,CLE,26.1,DynastyProcess;FantasyCalc;FantasyPros;KeepTradeCut,FantasyCalc OVR=366 POS=117 VAL=298;FantasyPros OVR=246 POS=101 VAL=;KeepTradeCut OVR=265 POS=101 VAL=2473;DynastyProcess OVR=244.9 POS=103.6 VAL=33,246,366,120.0,16.0,major_rank_disagreement
SF,Luke Musgrave,TE,GBP,25.7,DynastyProcess;FantasyCalc;KeepTradeCut,FantasyCalc OVR=407 POS=58 VAL=153;KeepTradeCut OVR=289 POS=41 VAL=1874;DynastyProcess OVR=310.4 POS=57.5 VAL=7,289,407,118.0,17.0,major_rank_disagreement
1QB,Dawson Knox,TE,BUF,29.5,DynastyProcess;FantasyCalc;FantasyPros;KeepTradeCut,FantasyCalc OVR=408 POS=60 VAL=129;FantasyPros OVR=413 POS=60 VAL=;KeepTradeCut OVR=295 POS=44 VAL=2147;DynastyProcess OVR=326 POS=51.6 VAL=5,295,413,118.0,16.0,major_rank_disagreement
1QB,Keenan Allen,WR,FA,34.1,DynastyProcess;FantasyCalc;FantasyPros;KeepTradeCut,FantasyCalc OVR=371 POS=120 VAL=272;FantasyPros OVR=255 POS=105 VAL=;KeepTradeCut OVR=332 POS=130 VAL=1829;DynastyProcess OVR=242.9 POS=103.7 VAL=35,255,371,116.0,25.0,major_rank_disagreement
1QB,Rashod Bateman,WR,BAL,26.5,DynastyProcess;FantasyCalc;FantasyPros;KeepTradeCut,FantasyCalc OVR=351 POS=112 VAL=379;FantasyPros OVR=235 POS=97 VAL=;KeepTradeCut OVR=253 POS=96 VAL=2569;DynastyProcess OVR=217.7 POS=92.4 VAL=63,235,351,116.0,16.0,major_rank_disagreement
1QB,DeMario Douglas,WR,NE,25,DynastyProcess;FantasyCalc;FantasyPros,FantasyCalc OVR=372 POS=121 VAL=270;FantasyPros OVR=256 POS=106 VAL=;DynastyProcess OVR=252.4 POS=105 VAL=28,256,372,116.0,15.0,major_rank_disagreement
1QB,Justin Joly,TE,DEN,-1.0,DynastyProcess;FantasyCalc;FantasyPros;KeepTradeCut,FantasyCalc OVR=289 POS=35 VAL=819;FantasyPros OVR=257 POS=38 VAL=;KeepTradeCut OVR=372 POS=55 VAL=1485;DynastyProcess OVR=235.2 POS=36.7 VAL=42,257,372,115.0,20.0,major_rank_disagreement
1QB,Christian Kirk,WR,SFO,29.5,DynastyProcess;FantasyCalc;FantasyPros;KeepTradeCut,FantasyCalc OVR=353 POS=114 VAL=364;FantasyPros OVR=239 POS=99 VAL=;KeepTradeCut OVR=267 POS=102 VAL=2462;DynastyProcess OVR=239.6 POS=98.7 VAL=38,239,353,114.0,15.0,major_rank_disagreement
1QB,Brashard Smith,RB,KCC,23.1,DynastyProcess;FantasyCalc;FantasyPros;KeepTradeCut,FantasyCalc OVR=364 POS=87 VAL=315;FantasyPros OVR=250 POS=75 VAL=;KeepTradeCut OVR=269 POS=74 VAL=2428;DynastyProcess OVR=284 POS=77.2 VAL=13,250,364,114.0,13.0,major_rank_disagreement
SF,Bryce Lance,WR,NOS,23.8,DynastyProcess;FantasyCalc;KeepTradeCut,FantasyCalc OVR=301 POS=95 VAL=812;KeepTradeCut OVR=413 POS=153 VAL=1125;DynastyProcess OVR=216.8 POS=90.6 VAL=64,301,413,112.0,58.0,major_rank_disagreement
1QB,Kendre Miller,RB,NOS,23.9,DynastyProcess;FantasyCalc;FantasyPros;KeepTradeCut,FantasyCalc OVR=379 POS=91 VAL=251;FantasyPros OVR=269 POS=81 VAL=;KeepTradeCut OVR=273 POS=76 VAL=2377;DynastyProcess OVR=293 POS=79.6 VAL=11,269,379,110.0,15.0,major_rank_disagreement
1QB,Pat Freiermuth,TE,PIT,27.6,DynastyProcess;FantasyCalc;FantasyPros;KeepTradeCut,FantasyCalc OVR=319 POS=38 VAL=625;FantasyPros OVR=209 POS=33 VAL=;KeepTradeCut OVR=242 POS=33 VAL=2666;DynastyProcess OVR=209.5 POS=31.9 VAL=76,209,319,110.0,5.0,major_rank_disagreement
SF,Dawson Knox,TE,BUF,29.5,DynastyProcess;FantasyCalc;KeepTradeCut,FantasyCalc OVR=414 POS=60 VAL=139;KeepTradeCut OVR=307 POS=45 VAL=1758;DynastyProcess OVR=298.4 POS=51.6 VAL=9,307,414,107.0,15.0,major_rank_disagreement
1QB,Devin Neal,RB,NOS,22.8,DynastyProcess;FantasyCalc;FantasyPros;KeepTradeCut,FantasyCalc OVR=338 POS=81 VAL=476;FantasyPros OVR=232 POS=70 VAL=;KeepTradeCut OVR=241 POS=64 VAL=2674;DynastyProcess OVR=235.6 POS=65.5 VAL=41,232,338,106.0,17.0,major_rank_disagreement
1QB,Luke Musgrave,TE,GBP,25.7,DynastyProcess;FantasyCalc;FantasyPros;KeepTradeCut,FantasyCalc OVR=396 POS=57 VAL=163;FantasyPros OVR=387 POS=57 VAL=;KeepTradeCut OVR=291 POS=42 VAL=2173;DynastyProcess OVR=329.8 POS=57.5 VAL=5,291,396,105.0,15.0,major_rank_disagreement
SF,Brenen Thompson,WR,LAC,-1.0,DynastyProcess;FantasyCalc;KeepTradeCut,FantasyCalc OVR=281 POS=89 VAL=904;KeepTradeCut OVR=382 POS=141 VAL=1273;DynastyProcess OVR=235.8 POS=102.6 VAL=41,281,382,101.0,52.0,major_rank_disagreement
SF,Jaylin Lane,WR,WAS,24.0,DynastyProcess;FantasyCalc;KeepTradeCut,FantasyCalc OVR=383 POS=123 VAL=257;KeepTradeCut OVR=282 POS=104 VAL=1953;DynastyProcess OVR=291.5 POS=125.4 VAL=11,282,383,101.0,19.0,major_rank_disagreement
1QB,Darius Slayton,WR,NYG,29.4,DynastyProcess;FantasyCalc;FantasyPros;KeepTradeCut,FantasyCalc OVR=401 POS=132 VAL=150;FantasyPros OVR=300 POS=114 VAL=;KeepTradeCut OVR=328 POS=128 VAL=1857;DynastyProcess OVR=274.2 POS=110.7 VAL=17,300,401,101.0,18.0,major_rank_disagreement
1QB,Darnell Washington,TE,PIT,24.8,DynastyProcess;FantasyCalc;FantasyPros;KeepTradeCut,FantasyCalc OVR=388 POS=54 VAL=192;FantasyPros OVR=306 POS=45 VAL=;KeepTradeCut OVR=287 POS=41 VAL=2193;DynastyProcess OVR=260.2 POS=42.2 VAL=23,287,388,101.0,13.0,major_rank_disagreement
1QB,Elijah Arroyo,TE,SEA,23.1,DynastyProcess;FantasyCalc;FantasyPros;KeepTradeCut,FantasyCalc OVR=303 POS=36 VAL=743;FantasyPros OVR=218 POS=35 VAL=;KeepTradeCut OVR=202 POS=24 VAL=3063;DynastyProcess OVR=213.7 POS=33.7 VAL=69,202,303,101.0,12.0,major_rank_disagreement
1QB,Jarquez Hunter,RB,LAR,23.4,DynastyProcess;FantasyCalc;FantasyPros;KeepTradeCut,FantasyCalc OVR=359 POS=84 VAL=332;FantasyPros OVR=258 POS=77 VAL=;KeepTradeCut OVR=304 POS=81 VAL=2068;DynastyProcess OVR=282 POS=77.4 VAL=14,258,359,101.0,7.0,major_rank_disagreement
1QB,Jaylin Lane,WR,WAS,24.0,DynastyProcess;FantasyCalc;FantasyPros;KeepTradeCut,FantasyCalc OVR=376 POS=123 VAL=260;FantasyPros OVR=353 POS=125 VAL=;KeepTradeCut OVR=276 POS=105 VAL=2332;DynastyProcess OVR=305.3 POS=125.4 VAL=8,276,376,100.0,20.0,major_rank_disagreement
1QB,Xavier Legette,WR,CAR,25.3,DynastyProcess;FantasyCalc;FantasyPros;KeepTradeCut,FantasyCalc OVR=342 POS=109 VAL=449;FantasyPros OVR=242 POS=100 VAL=;KeepTradeCut OVR=271 POS=103 VAL=2411;DynastyProcess OVR=238.4 POS=102.9 VAL=39,242,342,100.0,9.0,major_rank_disagreement
SF,Elijah Arroyo,TE,SEA,23.1,DynastyProcess;FantasyCalc;KeepTradeCut,FantasyCalc OVR=302 POS=36 VAL=804;KeepTradeCut OVR=203 POS=24 VAL=2558;DynastyProcess OVR=218.5 POS=33.7 VAL=62,203,302,99.0,12.0,rank_dislocation_watchlist
1QB,Demond Claiborne,RB,MIN,-1.0,DynastyProcess;FantasyCalc;FantasyPros;KeepTradeCut,FantasyCalc OVR=216 POS=60 VAL=1274;FantasyPros OVR=215 POS=59 VAL=;KeepTradeCut OVR=313 POS=82 VAL=1969;DynastyProcess OVR=223.2 POS=63 VAL=55,215,313,98.0,23.0,rank_dislocation_watchlist
SF,Michael Trigg,TE,DAL,-1.0,DynastyProcess;FantasyCalc;KeepTradeCut,FantasyCalc OVR=307 POS=37 VAL=781;KeepTradeCut OVR=405 POS=58 VAL=1153;DynastyProcess OVR=311.6 POS=61.6 VAL=7,307,405,98.0,21.0,rank_dislocation_watchlist
1QB,Dont'e Thornton,WR,LVR,23.5,FantasyCalc;KeepTradeCut,FantasyCalc OVR=352 POS=113 VAL=378;KeepTradeCut OVR=254 POS=97 VAL=2566,254,352,98.0,16.0,rank_dislocation_watchlist
1QB,Calvin Ridley,WR,TEN,31.4,DynastyProcess;FantasyCalc;FantasyPros;KeepTradeCut,FantasyCalc OVR=309 POS=100 VAL=723;FantasyPros OVR=211 POS=90 VAL=;KeepTradeCut OVR=282 POS=106 VAL=2272;DynastyProcess OVR=200.7 POS=87.7 VAL=94,211,309,98.0,16.0,rank_dislocation_watchlist
1QB,Adonai Mitchell,WR,NYJ,23.6,DynastyProcess;FantasyCalc;FantasyPros;KeepTradeCut,FantasyCalc OVR=283 POS=93 VAL=844;FantasyPros OVR=186 POS=80 VAL=;KeepTradeCut OVR=201 POS=81 VAL=3091;DynastyProcess OVR=183.2 POS=81.6 VAL=142,186,283,97.0,13.0,rank_dislocation_watchlist
SF,Jalen Milroe,QB,SEA,23.4,DynastyProcess;FantasyCalc;KeepTradeCut,FantasyCalc OVR=331 POS=47 VAL=600;KeepTradeCut OVR=234 POS=36 VAL=2293;DynastyProcess OVR=222.6 POS=43.1 VAL=56,234,331,97.0,11.0,rank_dislocation_watchlist
1QB,KeAndre Lambert-Smith,WR,LAC,24.6,DynastyProcess;FantasyCalc;FantasyPros;KeepTradeCut,FantasyCalc OVR=409 POS=134 VAL=128;FantasyPros OVR=414 POS=144 VAL=;KeepTradeCut OVR=318 POS=124 VAL=1926;DynastyProcess OVR=328 POS=136.1 VAL=5,318,414,96.0,20.0,rank_dislocation_watchlist
1QB,Pat Bryant,WR,DEN,23.4,DynastyProcess;FantasyCalc;FantasyPros;KeepTradeCut,FantasyCalc OVR=271 POS=92 VAL=896;FantasyPros OVR=175 POS=76 VAL=;KeepTradeCut OVR=194 POS=76 VAL=3181;DynastyProcess OVR=174.8 POS=76.8 VAL=173,175,271,96.0,16.0,rank_dislocation_watchlist
1QB,Marvin Mims,WR,DEN,24.2,FantasyCalc;KeepTradeCut,FantasyCalc OVR=335 POS=107 VAL=536;KeepTradeCut OVR=239 POS=94 VAL=2688,239,335,96.0,13.0,rank_dislocation_watchlist
1QB,Darnell Mooney,WR,NYG,28.6,DynastyProcess;FantasyCalc;FantasyPros;KeepTradeCut,FantasyCalc OVR=318 POS=102 VAL=636;FantasyPros OVR=222 POS=93 VAL=;KeepTradeCut OVR=258 POS=99 VAL=2519;DynastyProcess OVR=200.8 POS=87.4 VAL=94,222,318,96.0,9.0,rank_dislocation_watchlist
1QB,Ja'Lynn Polk,WR,NOS,24.1,DynastyProcess;FantasyCalc;FantasyPros;KeepTradeCut,FantasyCalc OVR=407 POS=133 VAL=134;FantasyPros OVR=420 POS=148 VAL=;KeepTradeCut OVR=325 POS=127 VAL=1879;DynastyProcess OVR=302.2 POS=144.6 VAL=9,325,420,95.0,21.0,rank_dislocation_watchlist
1QB,Ja'Tavion Sanders,TE,CAR,23.2,DynastyProcess;FantasyCalc;FantasyPros;KeepTradeCut,FantasyCalc OVR=346 POS=45 VAL=422;FantasyPros OVR=302 POS=44 VAL=;KeepTradeCut OVR=251 POS=35 VAL=2592;DynastyProcess OVR=275.1 POS=45 VAL=16,251,346,95.0,10.0,rank_dislocation_watchlist
SF,Trevor Etienne,RB,CAR,21.9,DynastyProcess;FantasyCalc;KeepTradeCut,FantasyCalc OVR=351 POS=82 VAL=425;KeepTradeCut OVR=257 POS=65 VAL=2122;DynastyProcess OVR=275.7 POS=87.8 VAL=16,257,351,94.0,17.0,rank_dislocation_watchlist
SF,Dont'e Thornton,WR,LVR,23.5,FantasyCalc;KeepTradeCut,FantasyCalc OVR=360 POS=113 VAL=374;KeepTradeCut OVR=266 POS=98 VAL=2076,266,360,94.0,15.0,rank_dislocation_watchlist
SF,Kyle Williams,WR,NEP,23.5,DynastyProcess;FantasyCalc;KeepTradeCut,FantasyCalc OVR=306 POS=97 VAL=795;KeepTradeCut OVR=212 POS=84 VAL=2477;DynastyProcess OVR=206 POS=86.8 VAL=83,212,306,94.0,13.0,rank_dislocation_watchlist
SF,Darnell Washington,TE,PIT,24.8,DynastyProcess;FantasyCalc;KeepTradeCut,FantasyCalc OVR=390 POS=54 VAL=208;KeepTradeCut OVR=296 POS=42 VAL=1845;DynastyProcess OVR=258.4 POS=42.2 VAL=24,296,390,94.0,12.0,rank_dislocation_watchlist
1QB,Roman Hemby,RB,LV,23,DynastyProcess;FantasyCalc;FantasyPros,FantasyCalc OVR=361 POS=85 VAL=328;FantasyPros OVR=267 POS=80 VAL=;DynastyProcess OVR=304.8 POS=89.9 VAL=8,267,361,94.0,5.0,rank_dislocation_watchlist
1QB,Terrance Ferguson,TE,LAR,23.2,DynastyProcess;FantasyCalc;FantasyPros;KeepTradeCut,FantasyCalc OVR=243 POS=26 VAL=1069;FantasyPros OVR=150 POS=21 VAL=;KeepTradeCut OVR=183 POS=21 VAL=3325;DynastyProcess OVR=159.4 POS=23.8 VAL=248,150,243,93.0,5.0,rank_dislocation_watchlist
1QB,Ray Davis,RB,BUF,26.5,DynastyProcess;FantasyCalc;FantasyPros;KeepTradeCut,FantasyCalc OVR=315 POS=77 VAL=659;FantasyPros OVR=223 POS=63 VAL=;KeepTradeCut OVR=263 POS=72 VAL=2485;DynastyProcess OVR=233 POS=64.2 VAL=44,223,315,92.0,14.0,rank_dislocation_watchlist
SF,Kendre Miller,RB,NOS,23.9,DynastyProcess;FantasyCalc;KeepTradeCut,FantasyCalc OVR=386 POS=91 VAL=228;KeepTradeCut OVR=294 POS=77 VAL=1854;DynastyProcess OVR=274.4 POS=79.6 VAL=17,294,386,92.0,14.0,rank_dislocation_watchlist
1QB,Kyle Williams,WR,NEP,23.5,DynastyProcess;FantasyCalc;FantasyPros;KeepTradeCut,FantasyCalc OVR=294 POS=96 VAL=804;FantasyPros OVR=202 POS=88 VAL=;KeepTradeCut OVR=204 POS=83 VAL=3045;DynastyProcess OVR=197 POS=86.8 VAL=102,202,294,92.0,13.0,rank_dislocation_watchlist
SF,Rashod Bateman,WR,BAL,26.5,DynastyProcess;FantasyCalc;KeepTradeCut,FantasyCalc OVR=359 POS=112 VAL=375;KeepTradeCut OVR=267 POS=99 VAL=2074;DynastyProcess OVR=219.7 POS=92.4 VAL=60,267,359,92.0,13.0,rank_dislocation_watchlist
1QB,Mac Jones,QB,SFO,27.7,DynastyProcess;FantasyCalc;FantasyPros;KeepTradeCut,FantasyCalc OVR=337 POS=42 VAL=528;FantasyPros OVR=245 POS=36 VAL=;KeepTradeCut OVR=281 POS=33 VAL=2285;DynastyProcess OVR=232.9 POS=35.4 VAL=44,245,337,92.0,9.0,rank_dislocation_watchlist
1QB,Shedeur Sanders,QB,CLE,24.3,DynastyProcess;FantasyCalc;FantasyPros;KeepTradeCut,FantasyCalc OVR=296 POS=35 VAL=802;FantasyPros OVR=204 POS=31 VAL=;KeepTradeCut OVR=279 POS=32 VAL=2318;DynastyProcess OVR=211.7 POS=34 VAL=73,204,296,92.0,4.0,rank_dislocation_watchlist
1QB,Jake Tonges,TE,SFO,26.9,DynastyProcess;FantasyCalc;FantasyPros;KeepTradeCut,FantasyCalc OVR=279 POS=33 VAL=871;FantasyPros OVR=328 POS=49 VAL=;KeepTradeCut OVR=238 POS=32 VAL=2734;DynastyProcess OVR=283.1 POS=43.6 VAL=14,238,328,90.0,17.0,rank_dislocation_watchlist
1QB,Ben Sinnott,TE,WAS,23.9,DynastyProcess;FantasyCalc;FantasyPros;KeepTradeCut,FantasyCalc OVR=375 POS=51 VAL=263;FantasyPros OVR=286 POS=41 VAL=;KeepTradeCut OVR=285 POS=40 VAL=2239;DynastyProcess OVR=255.3 POS=43.7 VAL=26,285,375,90.0,11.0,rank_dislocation_watchlist
1QB,Jimmy Horn,WR,CAR,23.7,FantasyCalc;KeepTradeCut,FantasyCalc OVR=412 POS=135 VAL=119;KeepTradeCut OVR=322 POS=126 VAL=1905,322,412,90.0,9.0,rank_dislocation_watchlist
SF,Marvin Mims,WR,DEN,24.2,FantasyCalc;KeepTradeCut,FantasyCalc OVR=340 POS=108 VAL=530;KeepTradeCut OVR=251 POS=93 VAL=2162,251,340,89.0,15.0,rank_dislocation_watchlist
1QB,Devin Singletary,RB,NYG,28.7,DynastyProcess;FantasyCalc;FantasyPros;KeepTradeCut,FantasyCalc OVR=399 POS=95 VAL=154;FantasyPros OVR=310 POS=90 VAL=;KeepTradeCut OVR=340 POS=89 VAL=1764;DynastyProcess OVR=290.6 POS=87.7 VAL=11,310,399,89.0,6.0,rank_dislocation_watchlist
1QB,Max Klare,TE,LAR,-1.0,DynastyProcess;FantasyCalc;FantasyPros;KeepTradeCut,FantasyCalc OVR=227 POS=23 VAL=1220;FantasyPros OVR=182 POS=27 VAL=;KeepTradeCut OVR=270 POS=38 VAL=2428;DynastyProcess OVR=195.8 POS=30.7 VAL=105,182,270,88.0,15.0,rank_dislocation_watchlist
SF,Aaron Rodgers,QB,PIT,42.5,DynastyProcess;FantasyCalc;KeepTradeCut,FantasyCalc OVR=207 POS=36 VAL=1348;KeepTradeCut OVR=295 POS=42 VAL=1853;DynastyProcess OVR=173 POS=38.2 VAL=180,207,295,88.0,6.0,rank_dislocation_watchlist
SF,De'Zhaun Stribling,WR,SFO,23.4,DynastyProcess;FantasyCalc;KeepTradeCut,FantasyCalc OVR=174 POS=60 VAL=1561;KeepTradeCut OVR=261 POS=96 VAL=2096;DynastyProcess OVR=175.9 POS=73.3 VAL=168,174,261,87.0,36.0,major_rank_disagreement
1QB,Jalen Milroe,QB,SEA,23.4,DynastyProcess;FantasyCalc;FantasyPros;KeepTradeCut,FantasyCalc OVR=362 POS=47 VAL=324;FantasyPros OVR=290 POS=43 VAL=;KeepTradeCut OVR=275 POS=31 VAL=2358;DynastyProcess OVR=268.8 POS=43.1 VAL=19,275,362,87.0,16.0,rank_dislocation_watchlist
SF,Devin Neal,RB,NOS,22.8,DynastyProcess;FantasyCalc;KeepTradeCut,FantasyCalc OVR=349 POS=81 VAL=432;KeepTradeCut OVR=262 POS=68 VAL=2088;DynastyProcess OVR=234 POS=65.5 VAL=43,262,349,87.0,13.0,rank_dislocation_watchlist
1QB,Cole Kmet,TE,CHI,27.2,DynastyProcess;FantasyCalc;FantasyPros;KeepTradeCut,FantasyCalc OVR=355 POS=49 VAL=362;FantasyPros OVR=324 POS=48 VAL=;KeepTradeCut OVR=268 POS=37 VAL=2434;DynastyProcess OVR=264.9 POS=42.9 VAL=21,268,355,87.0,12.0,rank_dislocation_watchlist
SF,Theo Johnson,TE,NYG,25.2,DynastyProcess;FantasyCalc;KeepTradeCut,FantasyCalc OVR=324 POS=41 VAL=642;KeepTradeCut OVR=237 POS=31 VAL=2280;DynastyProcess OVR=204.2 POS=31.3 VAL=87,237,324,87.0,10.0,rank_dislocation_watchlist
1QB,Juwan Johnson,TE,NOS,29.7,DynastyProcess;FantasyCalc;FantasyPros;KeepTradeCut,FantasyCalc OVR=248 POS=28 VAL=1034;FantasyPros OVR=161 POS=22 VAL=;KeepTradeCut OVR=224 POS=28 VAL=2846;DynastyProcess OVR=164.5 POS=23.4 VAL=220,161,248,87.0,6.0,rank_dislocation_watchlist
1QB,Luke McCaffrey,WR,WAS,25.1,DynastyProcess;FantasyCalc;FantasyPros;KeepTradeCut,FantasyCalc OVR=385 POS=127 VAL=199;FantasyPros OVR=337 POS=120 VAL=;KeepTradeCut OVR=299 POS=112 VAL=2107;DynastyProcess OVR=304.3 POS=122.1 VAL=8,299,385,86.0,15.0,rank_dislocation_watchlist
SF,Elic Ayomanor,WR,TEN,23.0,DynastyProcess;FantasyCalc;KeepTradeCut,FantasyCalc OVR=279 POS=88 VAL=923;KeepTradeCut OVR=193 POS=74 VAL=2655;DynastyProcess OVR=194.3 POS=82.5 VAL=109,193,279,86.0,14.0,rank_dislocation_watchlist
1QB,LeQuint Allen,RB,JAC,21.8,FantasyCalc;KeepTradeCut,FantasyCalc OVR=334 POS=80 VAL=537;KeepTradeCut OVR=248 POS=66 VAL=2620,248,334,86.0,14.0,rank_dislocation_watchlist
SF,Adonai Mitchell,WR,NYJ,23.6,DynastyProcess;FantasyCalc;KeepTradeCut,FantasyCalc OVR=297 POS=93 VAL=835;KeepTradeCut OVR=211 POS=83 VAL=2479;DynastyProcess OVR=192.6 POS=81.6 VAL=114,211,297,86.0,10.0,rank_dislocation_watchlist
1QB,Jerome Ford,RB,WAS,26.7,DynastyProcess;FantasyCalc;FantasyPros;KeepTradeCut,FantasyCalc OVR=393 POS=93 VAL=174;FantasyPros OVR=307 POS=89 VAL=;KeepTradeCut OVR=329 POS=86 VAL=1855;DynastyProcess OVR=299.1 POS=85 VAL=9,307,393,86.0,7.0,rank_dislocation_watchlist
1QB,Deion Burks,WR,IND,-1.0,DynastyProcess;FantasyCalc;FantasyPros;KeepTradeCut,FantasyCalc OVR=329 POS=105 VAL=551;FantasyPros OVR=360 POS=128 VAL=;KeepTradeCut OVR=414 POS=162 VAL=1208;DynastyProcess OVR=295.7 POS=123.4 VAL=10,329,414,85.0,57.0,major_rank_disagreement
SF,Pat Bryant,WR,DEN,23.4,DynastyProcess;FantasyCalc;KeepTradeCut,FantasyCalc OVR=287 POS=92 VAL=887;KeepTradeCut OVR=202 POS=77 VAL=2589;DynastyProcess OVR=182.9 POS=76.8 VAL=143,202,287,85.0,15.0,rank_dislocation_watchlist
1QB,Tez Johnson,WR,TBB,24.0,DynastyProcess;FantasyCalc;FantasyPros;KeepTradeCut,FantasyCalc OVR=317 POS=101 VAL=652;FantasyPros OVR=254 POS=104 VAL=;KeepTradeCut OVR=232 POS=91 VAL=2785;DynastyProcess OVR=246.4 POS=104.3 VAL=32,232,317,85.0,13.0,rank_dislocation_watchlist
1QB,Andrei Iosivas,WR,CIN,26.6,DynastyProcess;FantasyCalc;FantasyPros;KeepTradeCut,FantasyCalc OVR=394 POS=130 VAL=172;FantasyPros OVR=325 POS=117 VAL=;KeepTradeCut OVR=309 POS=120 VAL=2022;DynastyProcess OVR=275.9 POS=118.6 VAL=16,309,394,85.0,13.0,rank_dislocation_watchlist
SF,Najee Harris,RB,FA,28.2,DynastyProcess;FantasyCalc;KeepTradeCut,FantasyCalc OVR=384 POS=90 VAL=244;KeepTradeCut OVR=299 POS=78 VAL=1816;DynastyProcess OVR=264.5 POS=75.4 VAL=21,299,384,85.0,12.0,rank_dislocation_watchlist
SF,Mac Jones,QB,SFO,27.7,DynastyProcess;FantasyCalc;KeepTradeCut,FantasyCalc OVR=272 POS=42 VAL=977;KeepTradeCut OVR=187 POS=34 VAL=2682;DynastyProcess OVR=177.9 POS=35.4 VAL=161,187,272,85.0,8.0,rank_dislocation_watchlist
1QB,Dalton Schultz,TE,HOU,29.8,DynastyProcess;FantasyCalc;FantasyPros;KeepTradeCut,FantasyCalc OVR=264 POS=30 VAL=919;FantasyPros OVR=179 POS=26 VAL=;KeepTradeCut OVR=250 POS=34 VAL=2611;DynastyProcess OVR=186.7 POS=27.8 VAL=131,179,264,85.0,8.0,rank_dislocation_watchlist
1QB,Troy Franklin,WR,DEN,23.3,DynastyProcess;FantasyCalc;FantasyPros;KeepTradeCut,FantasyCalc OVR=251 POS=86 VAL=1015;FantasyPros OVR=174 POS=75 VAL=;KeepTradeCut OVR=167 POS=64 VAL=3450;DynastyProcess OVR=169.7 POS=74.7 VAL=195,167,251,84.0,22.0,rank_dislocation_watchlist
SF,KeAndre Lambert-Smith,WR,LAC,24.6,DynastyProcess;FantasyCalc;KeepTradeCut,FantasyCalc OVR=416 POS=134 VAL=127;KeepTradeCut OVR=332 POS=123 VAL=1590;DynastyProcess OVR=305.3 POS=136.1 VAL=8,332,416,84.0,11.0,rank_dislocation_watchlist
SF,Jimmy Horn,WR,CAR,23.7,FantasyCalc;KeepTradeCut,FantasyCalc OVR=419 POS=135 VAL=118;KeepTradeCut OVR=335 POS=125 VAL=1569,335,419,84.0,10.0,rank_dislocation_watchlist
1QB,Brandon Aiyuk,WR,SFO,28.2,DynastyProcess;FantasyCalc;FantasyPros;KeepTradeCut,FantasyCalc OVR=208 POS=71 VAL=1293;FantasyPros OVR=139 POS=61 VAL=;KeepTradeCut OVR=222 POS=88 VAL=2863;DynastyProcess OVR=90.2 POS=59.8 VAL=1261,139,222,83.0,27.0,major_rank_disagreement
1QB,Quinn Ewers,QB,MIA,23.0,DynastyProcess;FantasyCalc;FantasyPros;KeepTradeCut,FantasyCalc OVR=391 POS=51 VAL=189;FantasyPros OVR=308 POS=44 VAL=;KeepTradeCut OVR=363 POS=40 VAL=1548;DynastyProcess OVR=278.5 POS=48.7 VAL=15,308,391,83.0,11.0,rank_dislocation_watchlist
1QB,Garrett Nussmeier,QB,KCC,-1.0,DynastyProcess;FantasyCalc;FantasyPros;KeepTradeCut,FantasyCalc OVR=343 POS=44 VAL=448;FantasyPros OVR=270 POS=40 VAL=;KeepTradeCut OVR=353 POS=38 VAL=1646;DynastyProcess OVR=306.8 POS=51.8 VAL=8,270,353,83.0,6.0,rank_dislocation_watchlist
1QB,Zavion Thomas,WR,CHI,-1.0,DynastyProcess;FantasyCalc;FantasyPros;KeepTradeCut,FantasyCalc OVR=326 POS=104 VAL=566;FantasyPros OVR=406 POS=139 VAL=;KeepTradeCut OVR=408 POS=159 VAL=1264;DynastyProcess OVR=339.4 POS=132.8 VAL=4,326,408,82.0,55.0,major_rank_disagreement
SF,Brashard Smith,RB,KCC,23.1,DynastyProcess;FantasyCalc;KeepTradeCut,FantasyCalc OVR=372 POS=87 VAL=285;KeepTradeCut OVR=290 POS=74 VAL=1868;DynastyProcess OVR=267.8 POS=77.2 VAL=19,290,372,82.0,13.0,rank_dislocation_watchlist
SF,Andrei Iosivas,WR,CIN,26.6,DynastyProcess;FantasyCalc;KeepTradeCut,FantasyCalc OVR=401 POS=130 VAL=170;KeepTradeCut OVR=319 POS=118 VAL=1685;DynastyProcess OVR=270.1 POS=118.6 VAL=18,319,401,82.0,12.0,rank_dislocation_watchlist
SF,Christian Kirk,WR,SFO,29.5,DynastyProcess;FantasyCalc;KeepTradeCut,FantasyCalc OVR=361 POS=114 VAL=361;KeepTradeCut OVR=279 POS=103 VAL=1980;DynastyProcess OVR=237.1 POS=98.7 VAL=40,279,361,82.0,11.0,rank_dislocation_watchlist
1QB,J.J. McCarthy,QB,MIN,23.3,DynastyProcess;FantasyCalc;FantasyPros;KeepTradeCut,FantasyCalc OVR=273 POS=30 VAL=889;FantasyPros OVR=191 POS=30 VAL=;KeepTradeCut OVR=237 POS=30 VAL=2743;DynastyProcess OVR=186 POS=30.9 VAL=133,191,273,82.0,0.0,rank_dislocation_watchlist
SF,Cedric Tillman,WR,CLE,26.1,DynastyProcess;FantasyCalc;KeepTradeCut,FantasyCalc OVR=368 POS=117 VAL=295;KeepTradeCut OVR=287 POS=107 VAL=1897;DynastyProcess OVR=244.4 POS=103.6 VAL=34,287,368,81.0,10.0,rank_dislocation_watchlist
SF,Troy Franklin,WR,DEN,23.3,DynastyProcess;FantasyCalc;KeepTradeCut,FantasyCalc OVR=266 POS=86 VAL=1005;KeepTradeCut OVR=186 POS=70 VAL=2683;DynastyProcess OVR=179 POS=74.7 VAL=156,186,266,80.0,16.0,rank_dislocation_watchlist
1QB,Sean Tucker,RB,TBB,24.6,DynastyProcess;FantasyCalc;FantasyPros;KeepTradeCut,FantasyCalc OVR=313 POS=75 VAL=684;FantasyPros OVR=233 POS=71 VAL=;KeepTradeCut OVR=240 POS=63 VAL=2676;DynastyProcess OVR=250.6 POS=67.2 VAL=29,233,313,80.0,12.0,rank_dislocation_watchlist
SF,Dontayvion Wicks,WR,PHI,24.9,DynastyProcess;FantasyCalc;KeepTradeCut,FantasyCalc OVR=299 POS=94 VAL=819;KeepTradeCut OVR=219 POS=87 VAL=2422;DynastyProcess OVR=221.7 POS=92.8 VAL=57,219,299,80.0,7.0,rank_dislocation_watchlist
1QB,Mason Taylor,TE,NYJ,22.0,DynastyProcess;FantasyCalc;FantasyPros;KeepTradeCut,FantasyCalc OVR=270 POS=32 VAL=896;FantasyPros OVR=190 POS=29 VAL=;KeepTradeCut OVR=218 POS=26 VAL=2918;DynastyProcess OVR=193.9 POS=29.9 VAL=110,190,270,80.0,6.0,rank_dislocation_watchlist
1QB,Elic Ayomanor,WR,TEN,23.0,DynastyProcess;FantasyCalc;FantasyPros;KeepTradeCut,FantasyCalc OVR=261 POS=88 VAL=933;FantasyPros OVR=198 POS=85 VAL=;KeepTradeCut OVR=182 POS=71 VAL=3325;DynastyProcess OVR=189.7 POS=82.5 VAL=122,182,261,79.0,17.0,rank_dislocation_watchlist
1QB,Isaiah Bond,WR,CLE,22.2,DynastyProcess;FantasyCalc;FantasyPros;KeepTradeCut,FantasyCalc OVR=336 POS=108 VAL=535;FantasyPros OVR=278 POS=112 VAL=;KeepTradeCut OVR=257 POS=98 VAL=2531;DynastyProcess OVR=277.6 POS=114.9 VAL=15,257,336,79.0,14.0,rank_dislocation_watchlist
SF,Chimere Dike,WR,TEN,24.4,DynastyProcess;FantasyCalc;KeepTradeCut,FantasyCalc OVR=286 POS=91 VAL=887;KeepTradeCut OVR=207 POS=79 VAL=2527;DynastyProcess OVR=201.8 POS=86.6 VAL=92,207,286,79.0,12.0,rank_dislocation_watchlist
SF,Sean Tucker,RB,TBB,24.6,DynastyProcess;FantasyCalc;KeepTradeCut,FantasyCalc OVR=327 POS=74 VAL=621;KeepTradeCut OVR=248 POS=64 VAL=2172;DynastyProcess OVR=242.9 POS=67.2 VAL=35,248,327,79.0,10.0,rank_dislocation_watchlist
SF,LeQuint Allen,RB,JAC,21.8,FantasyCalc;KeepTradeCut,FantasyCalc OVR=344 POS=80 VAL=488;KeepTradeCut OVR=265 POS=70 VAL=2076,265,344,79.0,10.0,rank_dislocation_watchlist
1QB,Mike Gesicki,TE,CIN,30.6,DynastyProcess;FantasyCalc;FantasyPros;KeepTradeCut,FantasyCalc OVR=377 POS=52 VAL=255;FantasyPros OVR=298 POS=43 VAL=;KeepTradeCut OVR=350 POS=51 VAL=1681;DynastyProcess OVR=272.1 POS=43.1 VAL=18,298,377,79.0,9.0,rank_dislocation_watchlist
1QB,Jacoby Brissett,QB,ARI,33.4,DynastyProcess;FantasyCalc;FantasyPros;KeepTradeCut,FantasyCalc OVR=277 POS=33 VAL=877;FantasyPros OVR=248 POS=37 VAL=;KeepTradeCut OVR=327 POS=37 VAL=1861;DynastyProcess OVR=236.9 POS=35.6 VAL=40,248,327,79.0,4.0,rank_dislocation_watchlist
1QB,Ryan Flournoy,WR,DAL,26.6,DynastyProcess;FantasyCalc;FantasyPros;KeepTradeCut,FantasyCalc OVR=344 POS=110 VAL=438;FantasyPros OVR=265 POS=110 VAL=;KeepTradeCut OVR=292 POS=108 VAL=2170;DynastyProcess OVR=247.8 POS=105.1 VAL=31,265,344,79.0,2.0,rank_dislocation_watchlist
1QB,Trevor Etienne,RB,CAR,21.9,DynastyProcess;FantasyCalc;FantasyPros;KeepTradeCut,FantasyCalc OVR=339 POS=82 VAL=469;FantasyPros OVR=294 POS=87 VAL=;KeepTradeCut OVR=261 POS=71 VAL=2506;DynastyProcess OVR=294.3 POS=87.8 VAL=10,261,339,78.0,16.0,rank_dislocation_watchlist
1QB,Jauan Jennings,WR,MIN,28.9,DynastyProcess;FantasyCalc;FantasyPros;KeepTradeCut,FantasyCalc OVR=222 POS=76 VAL=1246;FantasyPros OVR=144 POS=63 VAL=;KeepTradeCut OVR=174 POS=68 VAL=3407;DynastyProcess OVR=138.8 POS=63 VAL=402,144,222,78.0,13.0,rank_dislocation_watchlist
SF,Justin Joly,TE,DEN,-1.0,DynastyProcess;FantasyCalc;KeepTradeCut,FantasyCalc OVR=285 POS=35 VAL=890;KeepTradeCut OVR=362 POS=50 VAL=1400;DynastyProcess OVR=231.2 POS=36.7 VAL=46,285,362,77.0,15.0,rank_dislocation_watchlist
1QB,Dontayvion Wicks,WR,PHI,24.9,DynastyProcess;FantasyCalc;FantasyPros;KeepTradeCut,FantasyCalc OVR=285 POS=94 VAL=828;FantasyPros OVR=230 POS=95 VAL=;KeepTradeCut OVR=208 POS=84 VAL=3001;DynastyProcess OVR=216.4 POS=92.8 VAL=65,208,285,77.0,11.0,rank_dislocation_watchlist
SF,Cole Kmet,TE,CHI,27.2,DynastyProcess;FantasyCalc;KeepTradeCut,FantasyCalc OVR=355 POS=49 VAL=392;KeepTradeCut OVR=278 POS=38 VAL=1982;DynastyProcess OVR=257.3 POS=42.9 VAL=25,278,355,77.0,11.0,rank_dislocation_watchlist
1QB,Cooper Kupp,WR,SEA,32.9,DynastyProcess;FantasyCalc;FantasyPros;KeepTradeCut,FantasyCalc OVR=324 POS=103 VAL=608;FantasyPros OVR=247 POS=102 VAL=;KeepTradeCut OVR=301 POS=113 VAL=2071;DynastyProcess OVR=251.9 POS=104.3 VAL=28,247,324,77.0,11.0,rank_dislocation_watchlist
SF,Luke McCaffrey,WR,WAS,25.1,DynastyProcess;FantasyCalc;KeepTradeCut,FantasyCalc OVR=395 POS=127 VAL=197;KeepTradeCut OVR=318 POS=117 VAL=1694;DynastyProcess OVR=291.5 POS=122.1 VAL=11,318,395,77.0,10.0,rank_dislocation_watchlist
SF,Darius Slayton,WR,NYG,29.4,DynastyProcess;FantasyCalc;KeepTradeCut,FantasyCalc OVR=410 POS=132 VAL=148;KeepTradeCut OVR=333 POS=124 VAL=1585;DynastyProcess OVR=260.2 POS=110.7 VAL=23,333,410,77.0,8.0,rank_dislocation_watchlist
SF,Kayshon Boutte,WR,NEP,24.0,DynastyProcess;FantasyCalc;KeepTradeCut,FantasyCalc OVR=257 POS=84 VAL=1091;KeepTradeCut OVR=181 POS=68 VAL=2730;DynastyProcess OVR=184.9 POS=77.5 VAL=136,181,257,76.0,16.0,rank_dislocation_watchlist
1QB,Jalen Tolbert,WR,MIA,27.2,DynastyProcess;FantasyCalc;FantasyPros;KeepTradeCut,FantasyCalc OVR=360 POS=116 VAL=329;FantasyPros OVR=347 POS=121 VAL=;KeepTradeCut OVR=284 POS=107 VAL=2240;DynastyProcess OVR=294.6 POS=125.1 VAL=10,284,360,76.0,14.0,rank_dislocation_watchlist
1QB,Tyquan Thornton,WR,KCC,25.8,DynastyProcess;FantasyCalc;FantasyPros;KeepTradeCut,FantasyCalc OVR=370 POS=119 VAL=289;FantasyPros OVR=349 POS=122 VAL=;KeepTradeCut OVR=294 POS=109 VAL=2156;DynastyProcess OVR=307.2 POS=121.2 VAL=8,294,370,76.0,13.0,rank_dislocation_watchlist
SF,Isaac Guerendo,RB,SFO,25.9,DynastyProcess;FantasyCalc;KeepTradeCut,FantasyCalc OVR=417 POS=96 VAL=123;KeepTradeCut OVR=341 POS=86 VAL=1538;DynastyProcess OVR=273.2 POS=82.7 VAL=17,341,417,76.0,10.0,rank_dislocation_watchlist
1QB,Savion Williams,WR,GBP,24.5,DynastyProcess;FantasyCalc;FantasyPros;KeepTradeCut,FantasyCalc OVR=382 POS=125 VAL=227;FantasyPros OVR=352 POS=124 VAL=;KeepTradeCut OVR=306 POS=117 VAL=2033;DynastyProcess OVR=294.4 POS=127.8 VAL=10,306,382,76.0,8.0,rank_dislocation_watchlist
1QB,Jaylin Noel,WR,HOU,23.7,DynastyProcess;FantasyCalc;FantasyPros;KeepTradeCut,FantasyCalc OVR=235 POS=81 VAL=1162;FantasyPros OVR=160 POS=69 VAL=;KeepTradeCut OVR=173 POS=67 VAL=3410;DynastyProcess OVR=160.3 POS=70.9 VAL=243,160,235,75.0,14.0,rank_dislocation_watchlist
1QB,Isaiah Davis,RB,NYJ,24.2,DynastyProcess;FantasyCalc;FantasyPros;KeepTradeCut,FantasyCalc OVR=347 POS=83 VAL=417;FantasyPros OVR=272 POS=82 VAL=;KeepTradeCut OVR=278 POS=77 VAL=2318;DynastyProcess OVR=276.8 POS=77.6 VAL=16,272,347,75.0,6.0,rank_dislocation_watchlist
1QB,Daniel Jones,QB,IND,29.0,DynastyProcess;FantasyCalc;FantasyPros;KeepTradeCut,FantasyCalc OVR=212 POS=28 VAL=1284;FantasyPros OVR=137 POS=25 VAL=;KeepTradeCut OVR=161 POS=27 VAL=3528;DynastyProcess OVR=146.3 POS=25 VAL=337,137,212,75.0,3.0,rank_dislocation_watchlist
1QB,Michael Trigg,TE,DAL,-1.0,DynastyProcess;FantasyCalc;FantasyPros;KeepTradeCut,FantasyCalc OVR=311 POS=37 VAL=713;FantasyPros OVR=292 POS=42 VAL=;KeepTradeCut OVR=366 POS=54 VAL=1529;DynastyProcess OVR=341.6 POS=61.6 VAL=3,292,366,74.0,17.0,rank_dislocation_watchlist
SF,Malik Washington,WR,MIA,25.4,DynastyProcess;FantasyCalc;KeepTradeCut,FantasyCalc OVR=283 POS=90 VAL=896;KeepTradeCut OVR=209 POS=81 VAL=2500;DynastyProcess OVR=230.4 POS=96.8 VAL=47,209,283,74.0,9.0,rank_dislocation_watchlist
SF,Ja'Tavion Sanders,TE,CAR,23.2,DynastyProcess;FantasyCalc;KeepTradeCut,FantasyCalc OVR=346 POS=45 VAL=457;KeepTradeCut OVR=272 POS=37 VAL=2039;DynastyProcess OVR=265 POS=45 VAL=21,272,346,74.0,8.0,rank_dislocation_watchlist
1QB,Hunter Henry,TE,NEP,31.4,DynastyProcess;FantasyCalc;FantasyPros;KeepTradeCut,FantasyCalc OVR=245 POS=27 VAL=1058;FantasyPros OVR=171 POS=24 VAL=;KeepTradeCut OVR=233 POS=31 VAL=2760;DynastyProcess OVR=182.4 POS=27.2 VAL=144,171,245,74.0,7.0,rank_dislocation_watchlist
1QB,Kimani Vidal,RB,LAC,24.7,DynastyProcess;FantasyCalc;FantasyPros;KeepTradeCut,FantasyCalc OVR=293 POS=67 VAL=811;FantasyPros OVR=219 POS=61 VAL=;KeepTradeCut OVR=229 POS=61 VAL=2788;DynastyProcess OVR=221.5 POS=62.4 VAL=58,219,293,74.0,6.0,rank_dislocation_watchlist
1QB,Emanuel Wilson,RB,SEA,27.0,DynastyProcess;FantasyCalc;FantasyPros;KeepTradeCut,FantasyCalc OVR=305 POS=71 VAL=738;FantasyPros OVR=231 POS=69 VAL=;KeepTradeCut OVR=256 POS=69 VAL=2550;DynastyProcess OVR=234.8 POS=66.4 VAL=42,231,305,74.0,2.0,rank_dislocation_watchlist
1QB,Jalen Royals,WR,KCC,23.2,DynastyProcess;FantasyCalc;FantasyPros;KeepTradeCut,FantasyCalc OVR=345 POS=111 VAL=425;FantasyPros OVR=271 POS=111 VAL=;KeepTradeCut OVR=297 POS=111 VAL=2132;DynastyProcess OVR=267.9 POS=113.6 VAL=19,271,345,74.0,0.0,rank_dislocation_watchlist
1QB,James Conner,RB,ARI,31.0,DynastyProcess;FantasyCalc;FantasyPros;KeepTradeCut,FantasyCalc OVR=301 POS=70 VAL=766;FantasyPros OVR=228 POS=67 VAL=;KeepTradeCut OVR=272 POS=75 VAL=2384;DynastyProcess OVR=242.8 POS=64.9 VAL=35,228,301,73.0,8.0,rank_dislocation_watchlist
1QB,Brenton Strange,TE,JAC,25.4,DynastyProcess;FantasyCalc;FantasyPros;KeepTradeCut,FantasyCalc OVR=190 POS=18 VAL=1414;FantasyPros OVR=117 POS=16 VAL=;KeepTradeCut OVR=155 POS=16 VAL=3593;DynastyProcess OVR=116.6 POS=16.3 VAL=678,117,190,73.0,2.0,rank_dislocation_watchlist
1QB,Cade Otton,TE,TBB,27.1,DynastyProcess;FantasyCalc;FantasyPros;KeepTradeCut,FantasyCalc OVR=280 POS=34 VAL=864;FantasyPros OVR=208 POS=32 VAL=;KeepTradeCut OVR=226 POS=29 VAL=2816;DynastyProcess OVR=206.7 POS=32 VAL=82,208,280,72.0,5.0,rank_dislocation_watchlist
SF,Pat Freiermuth,TE,PIT,27.6,DynastyProcess;FantasyCalc;KeepTradeCut,FantasyCalc OVR=317 POS=39 VAL=676;KeepTradeCut OVR=245 POS=34 VAL=2225;DynastyProcess OVR=211.5 POS=31.9 VAL=73,245,317,72.0,5.0,rank_dislocation_watchlist
1QB,Malik Willis,QB,MIA,27.0,DynastyProcess;FantasyCalc;FantasyPros;KeepTradeCut,FantasyCalc OVR=200 POS=26 VAL=1368;FantasyPros OVR=128 POS=23 VAL=;KeepTradeCut OVR=143 POS=23 VAL=3755;DynastyProcess OVR=134 POS=22.7 VAL=450,128,200,72.0,3.0,rank_dislocation_watchlist
SF,Demond Claiborne,RB,MIN,-1.0,DynastyProcess;FantasyCalc;KeepTradeCut,FantasyCalc OVR=244 POS=60 VAL=1156;KeepTradeCut OVR=315 POS=80 VAL=1706;DynastyProcess OVR=220.6 POS=63 VAL=59,244,315,71.0,20.0,rank_dislocation_watchlist
SF,Jaylen Wright,RB,MIA,23.1,DynastyProcess;FantasyCalc;KeepTradeCut,FantasyCalc OVR=313 POS=68 VAL=710;KeepTradeCut OVR=242 POS=61 VAL=2248;DynastyProcess OVR=236.6 POS=67.1 VAL=40,242,313,71.0,7.0,rank_dislocation_watchlist
1QB,Jaylen Wright,RB,MIA,23.1,DynastyProcess;FantasyCalc;FantasyPros;KeepTradeCut,FantasyCalc OVR=298 POS=68 VAL=782;FantasyPros OVR=227 POS=66 VAL=;KeepTradeCut OVR=236 POS=62 VAL=2748;DynastyProcess OVR=239.7 POS=67.1 VAL=38,227,298,71.0,6.0,rank_dislocation_watchlist
1QB,Jaydon Blue,RB,DAL,22.4,DynastyProcess;FantasyCalc;FantasyPros;KeepTradeCut,FantasyCalc OVR=312 POS=74 VAL=685;FantasyPros OVR=241 POS=72 VAL=;KeepTradeCut OVR=260 POS=70 VAL=2508;DynastyProcess OVR=261 POS=71.4 VAL=23,241,312,71.0,4.0,rank_dislocation_watchlist
SF,Deebo Samuel,WR,FA,30.3,FantasyCalc;KeepTradeCut,FantasyCalc OVR=310 POS=98 VAL=736;KeepTradeCut OVR=240 POS=91 VAL=2254,240,310,70.0,7.0,rank_dislocation_watchlist
SF,Tez Johnson,WR,TBB,24.0,DynastyProcess;FantasyCalc;KeepTradeCut,FantasyCalc OVR=323 POS=101 VAL=645;KeepTradeCut OVR=253 POS=94 VAL=2141;DynastyProcess OVR=243.5 POS=104.3 VAL=34,253,323,70.0,7.0,rank_dislocation_watchlist
SF,Isaiah Bond,WR,CLE,22.2,DynastyProcess;FantasyCalc;KeepTradeCut,FantasyCalc OVR=339 POS=107 VAL=530;KeepTradeCut OVR=269 POS=100 VAL=2059;DynastyProcess OVR=268.6 POS=114.9 VAL=19,269,339,70.0,7.0,rank_dislocation_watchlist
1QB,Tua Tagovailoa,QB,ATL,28.2,DynastyProcess;FantasyCalc;FantasyPros;KeepTradeCut,FantasyCalc OVR=274 POS=31 VAL=889;FantasyPros OVR=213 POS=32 VAL=;KeepTradeCut OVR=283 POS=34 VAL=2269;DynastyProcess OVR=211.1 POS=32.4 VAL=74,213,283,70.0,3.0,rank_dislocation_watchlist
1QB,Kayshon Boutte,WR,NEP,24.0,DynastyProcess;FantasyCalc;FantasyPros;KeepTradeCut,FantasyCalc OVR=241 POS=84 VAL=1102;FantasyPros OVR=177 POS=77 VAL=;KeepTradeCut OVR=172 POS=66 VAL=3417;DynastyProcess OVR=178.4 POS=77.5 VAL=159,172,241,69.0,18.0,rank_dislocation_watchlist
1QB,Chimere Dike,WR,TEN,24.4,DynastyProcess;FantasyCalc;FantasyPros;KeepTradeCut,FantasyCalc OVR=269 POS=91 VAL=896;FantasyPros OVR=201 POS=87 VAL=;KeepTradeCut OVR=200 POS=80 VAL=3103;DynastyProcess OVR=198.3 POS=86.6 VAL=99,200,269,69.0,11.0,rank_dislocation_watchlist
SF,Noah Gray,TE,KCC,27.0,DynastyProcess;FantasyCalc;KeepTradeCut,FantasyCalc OVR=403 POS=57 VAL=159;KeepTradeCut OVR=334 POS=46 VAL=1585;DynastyProcess OVR=295.5 POS=55 VAL=10,334,403,69.0,11.0,rank_dislocation_watchlist
SF,Tyquan Thornton,WR,KCC,25.8,DynastyProcess;FantasyCalc;KeepTradeCut,FantasyCalc OVR=371 POS=119 VAL=286;KeepTradeCut OVR=302 POS=111 VAL=1801;DynastyProcess OVR=284.8 POS=121.2 VAL=13,302,371,69.0,8.0,rank_dislocation_watchlist
1QB,Tahj Brooks,RB,CIN,24.0,DynastyProcess;FantasyCalc;FantasyPros;KeepTradeCut,FantasyCalc OVR=365 POS=88 VAL=311;FantasyPros OVR=297 POS=88 VAL=;KeepTradeCut OVR=300 POS=80 VAL=2085;DynastyProcess OVR=293.7 POS=86.7 VAL=11,297,365,68.0,8.0,rank_dislocation_watchlist
1QB,Jerry Jeudy,WR,CLE,27.1,DynastyProcess;FantasyCalc;FantasyPros;KeepTradeCut,FantasyCalc OVR=229 POS=78 VAL=1210;FantasyPros OVR=162 POS=70 VAL=;KeepTradeCut OVR=190 POS=73 VAL=3226;DynastyProcess OVR=158.1 POS=70.1 VAL=256,162,229,67.0,8.0,rank_dislocation_watchlist
SF,Jalen Tolbert,WR,MIA,27.2,DynastyProcess;FantasyCalc;KeepTradeCut,FantasyCalc OVR=364 POS=116 VAL=325;KeepTradeCut OVR=297 POS=108 VAL=1837;DynastyProcess OVR=286.2 POS=125.1 VAL=13,297,364,67.0,8.0,rank_dislocation_watchlist
SF,Joe Milton,QB,DAL,26.2,FantasyCalc;KeepTradeCut,FantasyCalc OVR=387 POS=55 VAL=227;KeepTradeCut OVR=320 POS=47 VAL=1685,320,387,67.0,8.0,rank_dislocation_watchlist
SF,Ben Sinnott,TE,WAS,23.9,DynastyProcess;FantasyCalc;KeepTradeCut,FantasyCalc OVR=373 POS=51 VAL=284;KeepTradeCut OVR=306 POS=44 VAL=1763;DynastyProcess OVR=251.9 POS=43.7 VAL=28,306,373,67.0,7.0,rank_dislocation_watchlist
1QB,Deebo Samuel,WR,FA,30.3,FantasyCalc;KeepTradeCut,FantasyCalc OVR=302 POS=98 VAL=744;KeepTradeCut OVR=235 POS=93 VAL=2749,235,302,67.0,5.0,rank_dislocation_watchlist
1QB,Michael Mayer,TE,LVR,24.9,DynastyProcess;FantasyCalc;FantasyPros;KeepTradeCut,FantasyCalc OVR=320 POS=39 VAL=624;FantasyPros OVR=253 POS=37 VAL=;KeepTradeCut OVR=255 POS=36 VAL=2553;DynastyProcess OVR=248.2 POS=41.6 VAL=31,253,320,67.0,3.0,rank_dislocation_watchlist
1QB,Jakobi Meyers,WR,JAC,29.5,DynastyProcess;FantasyCalc;FantasyPros;KeepTradeCut,FantasyCalc OVR=159 POS=58 VAL=1625;FantasyPros OVR=93 POS=42 VAL=;KeepTradeCut OVR=131 POS=54 VAL=3957;DynastyProcess OVR=96.2 POS=43.8 VAL=1095,93,159,66.0,16.0,rank_dislocation_watchlist
1QB,Noah Gray,TE,KCC,27.0,DynastyProcess;FantasyCalc;FantasyPros;KeepTradeCut,FantasyCalc OVR=404 POS=59 VAL=147;FantasyPros OVR=376 POS=56 VAL=;KeepTradeCut OVR=338 POS=47 VAL=1815;DynastyProcess OVR=317.2 POS=55 VAL=6,338,404,66.0,12.0,rank_dislocation_watchlist
1QB,Jahan Dotson,WR,ATL,26.2,DynastyProcess;FantasyCalc;FantasyPros;KeepTradeCut,FantasyCalc OVR=368 POS=118 VAL=296;FantasyPros OVR=351 POS=123 VAL=;KeepTradeCut OVR=302 POS=114 VAL=2069;DynastyProcess OVR=300.6 POS=129.5 VAL=9,302,368,66.0,9.0,rank_dislocation_watchlist
SF,Geno Smith,QB,NYJ,35.6,DynastyProcess;FantasyCalc;KeepTradeCut,FantasyCalc OVR=181 POS=34 VAL=1522;KeepTradeCut OVR=247 POS=37 VAL=2185;DynastyProcess OVR=165.3 POS=35 VAL=216,181,247,66.0,3.0,rank_dislocation_watchlist
SF,Ted Hurst,WR,TBB,21.9,DynastyProcess;FantasyCalc;KeepTradeCut,FantasyCalc OVR=190 POS=64 VAL=1472;KeepTradeCut OVR=255 POS=95 VAL=2135;DynastyProcess OVR=172.8 POS=72 VAL=181,190,255,65.0,31.0,major_rank_disagreement
1QB,Stefon Diggs,WR,FA,32.5,DynastyProcess;FantasyCalc;FantasyPros;KeepTradeCut,FantasyCalc OVR=232 POS=80 VAL=1180;FantasyPros OVR=169 POS=73 VAL=;KeepTradeCut OVR=234 POS=92 VAL=2760;DynastyProcess OVR=151.6 POS=69.6 VAL=298,169,234,65.0,19.0,rank_dislocation_watchlist
1QB,Emmett Johnson,RB,KCC,-1.0,DynastyProcess;FantasyCalc;FantasyPros;KeepTradeCut,FantasyCalc OVR=131 POS=35 VAL=1853;FantasyPros OVR=176 POS=47 VAL=;KeepTradeCut OVR=196 POS=50 VAL=3158;DynastyProcess OVR=189 POS=53.1 VAL=124,131,196,65.0,15.0,rank_dislocation_watchlist
1QB,Malik Washington,WR,MIA,25.4,DynastyProcess;FantasyCalc;FantasyPros;KeepTradeCut,FantasyCalc OVR=268 POS=90 VAL=905;FantasyPros OVR=226 POS=94 VAL=;KeepTradeCut OVR=203 POS=82 VAL=3054;DynastyProcess OVR=228.1 POS=96.8 VAL=49,203,268,65.0,12.0,rank_dislocation_watchlist
1QB,Audric Estime,RB,NOS,22.7,DynastyProcess;FantasyCalc;FantasyPros;KeepTradeCut,FantasyCalc OVR=386 POS=92 VAL=199;FantasyPros OVR=362 POS=97 VAL=;KeepTradeCut OVR=321 POS=85 VAL=1906;DynastyProcess OVR=319.3 POS=94.4 VAL=6,321,386,65.0,12.0,rank_dislocation_watchlist
SF,Savion Williams,WR,GBP,24.5,DynastyProcess;FantasyCalc;KeepTradeCut,FantasyCalc OVR=389 POS=125 VAL=225;KeepTradeCut OVR=324 POS=119 VAL=1663;DynastyProcess OVR=281.2 POS=127.8 VAL=14,324,389,65.0,6.0,rank_dislocation_watchlist
1QB,Rashid Shaheed,WR,SEA,27.7,DynastyProcess;FantasyCalc;FantasyPros;KeepTradeCut,FantasyCalc OVR=210 POS=72 VAL=1291;FantasyPros OVR=146 POS=64 VAL=;KeepTradeCut OVR=156 POS=61 VAL=3592;DynastyProcess OVR=144.8 POS=65.1 VAL=349,146,210,64.0,11.0,rank_dislocation_watchlist
1QB,Greg Dulcich,TE,MIA,26.2,DynastyProcess;FantasyCalc;FantasyPros;KeepTradeCut,FantasyCalc OVR=341 POS=44 VAL=461;FantasyPros OVR=277 POS=40 VAL=;KeepTradeCut OVR=312 POS=45 VAL=1984;DynastyProcess OVR=255.2 POS=40.5 VAL=26,277,341,64.0,5.0,rank_dislocation_watchlist
SF,Jaylin Noel,WR,HOU,23.7,DynastyProcess;FantasyCalc;KeepTradeCut,FantasyCalc OVR=246 POS=81 VAL=1150;KeepTradeCut OVR=183 POS=69 VAL=2700;DynastyProcess OVR=169.8 POS=70.9 VAL=194,183,246,63.0,12.0,rank_dislocation_watchlist
SF,Jerome Ford,RB,WAS,26.7,DynastyProcess;FantasyCalc;KeepTradeCut,FantasyCalc OVR=405 POS=93 VAL=158;KeepTradeCut OVR=342 POS=87 VAL=1536;DynastyProcess OVR=276.7 POS=85 VAL=16,342,405,63.0,6.0,rank_dislocation_watchlist
SF,Darnell Mooney,WR,NYG,28.6,DynastyProcess;FantasyCalc;KeepTradeCut,FantasyCalc OVR=326 POS=102 VAL=629;KeepTradeCut OVR=263 POS=97 VAL=2077;DynastyProcess OVR=207.8 POS=87.4 VAL=80,263,326,63.0,5.0,rank_dislocation_watchlist
SF,Kimani Vidal,RB,LAC,24.7,DynastyProcess;FantasyCalc;KeepTradeCut,FantasyCalc OVR=309 POS=67 VAL=736;KeepTradeCut OVR=246 POS=63 VAL=2208;DynastyProcess OVR=222.5 POS=62.4 VAL=56,246,309,63.0,4.0,rank_dislocation_watchlist
SF,Xavier Legette,WR,CAR,25.3,DynastyProcess;FantasyCalc;KeepTradeCut,FantasyCalc OVR=347 POS=109 VAL=445;KeepTradeCut OVR=284 POS=105 VAL=1942;DynastyProcess OVR=237.9 POS=102.9 VAL=39,284,347,63.0,4.0,rank_dislocation_watchlist
1QB,Tory Horton,WR,SEA,23.5,DynastyProcess;FantasyCalc;FantasyPros;KeepTradeCut,FantasyCalc OVR=238 POS=83 VAL=1145;FantasyPros OVR=210 POS=89 VAL=;KeepTradeCut OVR=176 POS=69 VAL=3367;DynastyProcess OVR=206.4 POS=89.5 VAL=82,176,238,62.0,20.0,rank_dislocation_watchlist
1QB,Khalil Shakir,WR,BUF,26.3,DynastyProcess;FantasyCalc;FantasyPros;KeepTradeCut,FantasyCalc OVR=182 POS=66 VAL=1468;FantasyPros OVR=120 POS=55 VAL=;KeepTradeCut OVR=147 POS=58 VAL=3691;DynastyProcess OVR=119.1 POS=54.5 VAL=639,120,182,62.0,11.0,rank_dislocation_watchlist
SF,Quinn Ewers,QB,MIA,23.0,DynastyProcess;FantasyCalc;KeepTradeCut,FantasyCalc OVR=363 POS=51 VAL=349;KeepTradeCut OVR=301 POS=43 VAL=1802;DynastyProcess OVR=250.2 POS=48.7 VAL=29,301,363,62.0,8.0,rank_dislocation_watchlist
SF,Audric Estime,RB,NOS,22.7,DynastyProcess;FantasyCalc;KeepTradeCut,FantasyCalc OVR=399 POS=92 VAL=181;KeepTradeCut OVR=337 POS=85 VAL=1567;DynastyProcess OVR=297.4 POS=94.4 VAL=10,337,399,62.0,7.0,rank_dislocation_watchlist
SF,Ollie Gordon,RB,MIA,22.3,FantasyCalc;KeepTradeCut,FantasyCalc OVR=289 POS=64 VAL=877;KeepTradeCut OVR=227 POS=58 VAL=2355,227,289,62.0,6.0,rank_dislocation_watchlist
SF,Michael Mayer,TE,LVR,24.9,DynastyProcess;FantasyCalc;KeepTradeCut,FantasyCalc OVR=316 POS=38 VAL=676;KeepTradeCut OVR=254 POS=36 VAL=2136;DynastyProcess OVR=246.3 POS=41.6 VAL=32,254,316,62.0,2.0,rank_dislocation_watchlist
SF,Ja'Lynn Polk,WR,NOS,24.1,DynastyProcess;FantasyCalc;KeepTradeCut,FantasyCalc OVR=415 POS=133 VAL=132;KeepTradeCut OVR=353 POS=133 VAL=1453;DynastyProcess OVR=289.2 POS=144.6 VAL=12,353,415,62.0,0.0,rank_dislocation_watchlist
1QB,Antonio Williams,WR,WAS,-1.0,DynastyProcess;FantasyCalc;FantasyPros;KeepTradeCut,FantasyCalc OVR=132 POS=48 VAL=1846;FantasyPros OVR=135 POS=59 VAL=;KeepTradeCut OVR=193 POS=75 VAL=3182;DynastyProcess OVR=143.4 POS=66.3 VAL=361,132,193,61.0,27.0,major_rank_disagreement
SF,Tory Horton,WR,SEA,23.5,DynastyProcess;FantasyCalc;KeepTradeCut,FantasyCalc OVR=251 POS=83 VAL=1133;KeepTradeCut OVR=190 POS=72 VAL=2666;DynastyProcess OVR=209.8 POS=89.5 VAL=76,190,251,61.0,11.0,rank_dislocation_watchlist
1QB,Tyreek Hill,WR,FA,32.2,DynastyProcess;FantasyCalc;FantasyPros;KeepTradeCut,FantasyCalc OVR=260 POS=87 VAL=950;FantasyPros OVR=199 POS=86 VAL=;KeepTradeCut OVR=244 POS=95 VAL=2632;DynastyProcess OVR=114.4 POS=79.3 VAL=714,199,260,61.0,9.0,rank_dislocation_watchlist
SF,Trey Benson,RB,ARI,23.8,DynastyProcess;FantasyCalc;KeepTradeCut,FantasyCalc OVR=296 POS=65 VAL=836;KeepTradeCut OVR=236 POS=60 VAL=2288;DynastyProcess OVR=219.3 POS=61.6 VAL=61,236,296,60.0,5.0,rank_dislocation_watchlist
1QB,Marquise Brown,WR,PHI,29.0,FantasyCalc;KeepTradeCut,FantasyCalc OVR=356 POS=115 VAL=360;KeepTradeCut OVR=296 POS=110 VAL=2147,296,356,60.0,5.0,rank_dislocation_watchlist
1QB,Ricky Pearsall,WR,SFO,25.7,DynastyProcess;FantasyCalc;FantasyPros;KeepTradeCut,FantasyCalc OVR=143 POS=54 VAL=1766;FantasyPros OVR=84 POS=38 VAL=;KeepTradeCut OVR=107 POS=43 VAL=4358;DynastyProcess OVR=89.6 POS=41.8 VAL=1279,84,143,59.0,16.0,rank_dislocation_watchlist
1QB,Malik Davis,RB,DAL,27.5,DynastyProcess;FantasyCalc;FantasyPros;KeepTradeCut,FantasyCalc OVR=416 POS=98 VAL=94;FantasyPros OVR=398 POS=101 VAL=;KeepTradeCut OVR=357 POS=94 VAL=1592;DynastyProcess OVR=353 POS=114.8 VAL=3,357,416,59.0,7.0,minor_rank_gap
1QB,Justin Fields,QB,KCC,27.2,DynastyProcess;FantasyCalc;FantasyPros;KeepTradeCut,FantasyCalc OVR=322 POS=40 VAL=610;FantasyPros OVR=263 POS=38 VAL=;KeepTradeCut OVR=290 POS=36 VAL=2174;DynastyProcess OVR=247.7 POS=38.2 VAL=31,263,322,59.0,4.0,minor_rank_gap
SF,Treylon Burks,WR,WAS,26.2,DynastyProcess;FantasyCalc;KeepTradeCut,FantasyCalc OVR=398 POS=129 VAL=188;KeepTradeCut OVR=339 POS=127 VAL=1550;DynastyProcess OVR=318 POS=142.9 VAL=6,339,398,59.0,2.0,minor_rank_gap
SF,Zavion Thomas,WR,CHI,-1.0,DynastyProcess;FantasyCalc;KeepTradeCut,FantasyCalc OVR=335 POS=104 VAL=559;KeepTradeCut OVR=393 POS=148 VAL=1220;DynastyProcess OVR=312 POS=132.8 VAL=7,335,393,58.0,44.0,major_rank_disagreement
1QB,Courtland Sutton,WR,DEN,30.6,DynastyProcess;FantasyCalc;FantasyPros;KeepTradeCut,FantasyCalc OVR=147 POS=55 VAL=1748;FantasyPros OVR=89 POS=39 VAL=;KeepTradeCut OVR=133 POS=55 VAL=3903;DynastyProcess OVR=95.1 POS=43.1 VAL=1124,89,147,58.0,16.0,rank_dislocation_watchlist
SF,Tyson Bagent,QB,CHI,26.0,DynastyProcess;FantasyCalc;KeepTradeCut,FantasyCalc OVR=404 POS=61 VAL=158;KeepTradeCut OVR=346 POS=49 VAL=1507;DynastyProcess OVR=222.8 POS=55 VAL=56,346,404,58.0,12.0,minor_rank_gap
SF,Rashid Shaheed,WR,SEA,27.7,DynastyProcess;FantasyCalc;KeepTradeCut,FantasyCalc OVR=219 POS=72 VAL=1278;KeepTradeCut OVR=161 POS=62 VAL=2932;DynastyProcess OVR=153.4 POS=65.1 VAL=285,161,219,58.0,10.0,minor_rank_gap
SF,Isaac TeSlaa,WR,DET,24.2,DynastyProcess;FantasyCalc;KeepTradeCut,FantasyCalc OVR=223 POS=73 VAL=1254;KeepTradeCut OVR=165 POS=63 VAL=2829;DynastyProcess OVR=195.3 POS=81.7 VAL=107,165,223,58.0,10.0,minor_rank_gap
SF,Anthony Richardson,QB,IND,24.0,FantasyCalc;KeepTradeCut,FantasyCalc OVR=291 POS=43 VAL=856;KeepTradeCut OVR=233 POS=35 VAL=2318,233,291,58.0,8.0,minor_rank_gap
1QB,AJ Barner,TE,SEA,24.0,DynastyProcess;FantasyCalc;FantasyPros;KeepTradeCut,FantasyCalc OVR=205 POS=22 VAL=1314;FantasyPros OVR=147 POS=20 VAL=;KeepTradeCut OVR=165 POS=17 VAL=3471;DynastyProcess OVR=158.7 POS=23 VAL=252,147,205,58.0,5.0,minor_rank_gap
SF,Deshaun Watson,QB,CLE,30.7,DynastyProcess;FantasyCalc;KeepTradeCut,FantasyCalc OVR=210 POS=37 VAL=1338;KeepTradeCut OVR=268 POS=38 VAL=2072;DynastyProcess OVR=248.5 POS=43.1 VAL=31,210,268,58.0,1.0,minor_rank_gap
SF,Joe Flacco,QB,CIN,41.3,DynastyProcess;FantasyCalc;KeepTradeCut,FantasyCalc OVR=358 POS=50 VAL=376;KeepTradeCut OVR=414 POS=61 VAL=1110;DynastyProcess OVR=340 POS=54.3 VAL=4,358,414,56.0,11.0,minor_rank_gap
1QB,Travis Kelce,TE,KCC,36.6,DynastyProcess;FantasyCalc;FantasyPros;KeepTradeCut,FantasyCalc OVR=197 POS=21 VAL=1385;FantasyPros OVR=164 POS=23 VAL=;KeepTradeCut OVR=220 POS=27 VAL=2910;DynastyProcess OVR=173.7 POS=24.7 VAL=177,164,220,56.0,6.0,minor_rank_gap
1QB,Jalin Hyatt,WR,NYG,24.6,DynastyProcess;FantasyPros;KeepTradeCut,FantasyPros OVR=417 POS=146 VAL=;KeepTradeCut OVR=361 POS=141 VAL=1570;DynastyProcess OVR=312 POS=151.5 VAL=7,361,417,56.0,5.0,minor_rank_gap
SF,Jordan James,RB,SFO,22.1,DynastyProcess;FantasyCalc;KeepTradeCut,FantasyCalc OVR=314 POS=69 VAL=704;KeepTradeCut OVR=258 POS=66 VAL=2114;DynastyProcess OVR=266.7 POS=82.5 VAL=20,258,314,56.0,3.0,minor_rank_gap
1QB,Dyami Brown,WR,WAS,26.6,DynastyProcess;FantasyPros;KeepTradeCut,FantasyPros OVR=397 POS=137 VAL=;KeepTradeCut OVR=341 POS=134 VAL=1764;DynastyProcess OVR=333.7 POS=132.6 VAL=4,341,397,56.0,3.0,minor_rank_gap
1QB,Dallas Goedert,TE,PHI,31.4,DynastyProcess;FantasyCalc;FantasyPros;KeepTradeCut,FantasyCalc OVR=193 POS=19 VAL=1401;FantasyPros OVR=138 POS=17 VAL=;KeepTradeCut OVR=189 POS=23 VAL=3233;DynastyProcess OVR=145.4 POS=20.4 VAL=345,138,193,55.0,6.0,minor_rank_gap
1QB,DJ Giddens,RB,IND,22.7,DynastyProcess;FantasyCalc;FantasyPros;KeepTradeCut,FantasyCalc OVR=307 POS=72 VAL=725;FantasyPros OVR=252 POS=76 VAL=;KeepTradeCut OVR=266 POS=73 VAL=2469;DynastyProcess OVR=283.1 POS=76.6 VAL=14,252,307,55.0,4.0,minor_rank_gap
SF,Jahan Dotson,WR,ATL,26.2,DynastyProcess;FantasyCalc;KeepTradeCut,FantasyCalc OVR=369 POS=118 VAL=293;KeepTradeCut OVR=314 POS=116 VAL=1720;DynastyProcess OVR=283.3 POS=129.5 VAL=13,314,369,55.0,2.0,minor_rank_gap
1QB,Nicholas Singleton,RB,TEN,-1.0,FantasyCalc;FantasyPros;KeepTradeCut,FantasyCalc OVR=116 POS=31 VAL=2047;FantasyPros OVR=170 POS=46 VAL=;KeepTradeCut OVR=153 POS=38 VAL=3613,116,170,54.0,15.0,rank_dislocation_watchlist
1QB,Colby Parkinson,TE,LAR,27.4,DynastyProcess;FantasyCalc;FantasyPros;KeepTradeCut,FantasyCalc OVR=331 POS=43 VAL=540;FantasyPros OVR=311 POS=46 VAL=;KeepTradeCut OVR=277 POS=39 VAL=2323;DynastyProcess OVR=268.6 POS=45.1 VAL=19,277,331,54.0,7.0,minor_rank_gap
1QB,Justice Hill,RB,BAL,28.5,DynastyProcess;FantasyCalc;FantasyPros;KeepTradeCut,FantasyCalc OVR=397 POS=94 VAL=162;FantasyPros OVR=343 POS=95 VAL=;KeepTradeCut OVR=348 POS=92 VAL=1712;DynastyProcess OVR=316.6 POS=91.2 VAL=6,343,397,54.0,3.0,minor_rank_gap
SF,Emanuel Wilson,RB,SEA,27.0,DynastyProcess;FantasyCalc;KeepTradeCut,FantasyCalc OVR=318 POS=71 VAL=670;KeepTradeCut OVR=264 POS=69 VAL=2076;DynastyProcess OVR=230.4 POS=66.4 VAL=47,264,318,54.0,2.0,minor_rank_gap
1QB,Jalen Coker,WR,CAR,24.6,DynastyProcess;FantasyCalc;FantasyPros;KeepTradeCut,FantasyCalc OVR=189 POS=67 VAL=1418;FantasyPros OVR=136 POS=60 VAL=;KeepTradeCut OVR=141 POS=56 VAL=3800;DynastyProcess OVR=141.7 POS=64.4 VAL=376,136,189,53.0,11.0,minor_rank_gap
1QB,Treylon Burks,WR,WAS,26.2,DynastyProcess;FantasyCalc;FantasyPros;KeepTradeCut,FantasyCalc OVR=390 POS=129 VAL=190;FantasyPros OVR=388 POS=136 VAL=;KeepTradeCut OVR=337 POS=132 VAL=1816;DynastyProcess OVR=308.6 POS=142.9 VAL=7,337,390,53.0,7.0,minor_rank_gap
SF,Spencer Rattler,QB,NOS,25.6,DynastyProcess;FantasyCalc;KeepTradeCut,FantasyCalc OVR=375 POS=53 VAL=281;KeepTradeCut OVR=322 POS=48 VAL=1668;DynastyProcess OVR=298.5 POS=51.9 VAL=9,322,375,53.0,5.0,minor_rank_gap
1QB,Matthew Stafford,QB,LAR,38.3,DynastyProcess;FantasyCalc;FantasyPros;KeepTradeCut,FantasyCalc OVR=209 POS=27 VAL=1293;FantasyPros OVR=156 POS=27 VAL=;KeepTradeCut OVR=158 POS=26 VAL=3560;DynastyProcess OVR=154.1 POS=26.5 VAL=281,156,209,53.0,1.0,minor_rank_gap
SF,Jalen Royals,WR,KCC,23.2,DynastyProcess;FantasyCalc;KeepTradeCut,FantasyCalc OVR=353 POS=111 VAL=420;KeepTradeCut OVR=300 POS=110 VAL=1807;DynastyProcess OVR=263.1 POS=113.6 VAL=22,300,353,53.0,1.0,minor_rank_gap
SF,Isaiah Davis,RB,NYJ,24.2,DynastyProcess;FantasyCalc;KeepTradeCut,FantasyCalc OVR=356 POS=83 VAL=379;KeepTradeCut OVR=304 POS=79 VAL=1797;DynastyProcess OVR=261.2 POS=77.6 VAL=23,304,356,52.0,4.0,minor_rank_gap
1QB,Dalton Kincaid,TE,BUF,26.6,DynastyProcess;FantasyCalc;FantasyPros;KeepTradeCut,FantasyCalc OVR=153 POS=15 VAL=1714;FantasyPros OVR=101 POS=13 VAL=;KeepTradeCut OVR=134 POS=15 VAL=3893;DynastyProcess OVR=74 POS=13.5 VAL=1845,101,153,52.0,2.0,minor_rank_gap
1QB,Joe Mixon,RB,FA,29.8,DynastyProcess;FantasyCalc;FantasyPros;KeepTradeCut,FantasyCalc OVR=363 POS=86 VAL=322;FantasyPros OVR=331 POS=94 VAL=;KeepTradeCut OVR=382 POS=101 VAL=1431;DynastyProcess OVR=294.1 POS=88.8 VAL=10,331,382,51.0,15.0,rank_dislocation_watchlist
1QB,Jonah Coleman,RB,DEN,22.8,DynastyProcess;FantasyCalc;FantasyPros;KeepTradeCut,FantasyCalc OVR=89 POS=25 VAL=2436;FantasyPros OVR=134 POS=36 VAL=;KeepTradeCut OVR=140 POS=35 VAL=3841;DynastyProcess OVR=146.4 POS=39.1 VAL=337,89,140,51.0,11.0,minor_rank_gap
1QB,Gunnar Helm,TE,TEN,23.7,DynastyProcess;FantasyCalc;FantasyPros;KeepTradeCut,FantasyCalc OVR=239 POS=25 VAL=1143;FantasyPros OVR=196 POS=30 VAL=;KeepTradeCut OVR=188 POS=22 VAL=3258;DynastyProcess OVR=193.7 POS=29.8 VAL=111,188,239,51.0,8.0,minor_rank_gap
1QB,Anthony Richardson,QB,IND,24.0,FantasyCalc;KeepTradeCut,FantasyCalc OVR=340 POS=43 VAL=463;KeepTradeCut OVR=289 POS=35 VAL=2184,289,340,51.0,8.0,minor_rank_gap
SF,Terrance Ferguson,TE,LAR,23.2,DynastyProcess;FantasyCalc;KeepTradeCut,FantasyCalc OVR=243 POS=26 VAL=1157;KeepTradeCut OVR=192 POS=21 VAL=2659;DynastyProcess OVR=169 POS=23.8 VAL=198,192,243,51.0,5.0,minor_rank_gap
SF,Mason Taylor,TE,NYJ,22.0,DynastyProcess;FantasyCalc;KeepTradeCut,FantasyCalc OVR=273 POS=32 VAL=969;KeepTradeCut OVR=222 POS=27 VAL=2397;DynastyProcess OVR=197.2 POS=29.9 VAL=102,222,273,51.0,5.0,minor_rank_gap
SF,Ray Davis,RB,BUF,26.5,DynastyProcess;FantasyCalc;KeepTradeCut,FantasyCalc OVR=332 POS=77 VAL=598;KeepTradeCut OVR=281 POS=73 VAL=1973;DynastyProcess OVR=232.9 POS=64.2 VAL=44,281,332,51.0,4.0,minor_rank_gap
1QB,Isaac TeSlaa,WR,DET,24.2,DynastyProcess;FantasyCalc;FantasyPros;KeepTradeCut,FantasyCalc OVR=218 POS=73 VAL=1267;FantasyPros OVR=194 POS=83 VAL=;KeepTradeCut OVR=168 POS=65 VAL=3448;DynastyProcess OVR=186 POS=81.7 VAL=133,168,218,50.0,18.0,rank_dislocation_watchlist
1QB,Tre' Harris,WR,LAC,24,DynastyProcess;FantasyCalc;FantasyPros,FantasyCalc OVR=199 POS=69 VAL=1377;FantasyPros OVR=149 POS=65 VAL=;DynastyProcess OVR=159.9 POS=71.9 VAL=245,149,199,50.0,4.0,minor_rank_gap
1QB,Alvin Kamara,RB,NOS,30.8,DynastyProcess;FantasyCalc;FantasyPros;KeepTradeCut,FantasyCalc OVR=214 POS=59 VAL=1282;FantasyPros OVR=200 POS=54 VAL=;KeepTradeCut OVR=249 POS=67 VAL=2614;DynastyProcess OVR=202 POS=55.2 VAL=91,200,249,49.0,13.0,minor_rank_gap
SF,Jauan Jennings,WR,MIN,28.9,DynastyProcess;FantasyCalc;KeepTradeCut,FantasyCalc OVR=228 POS=76 VAL=1233;KeepTradeCut OVR=179 POS=67 VAL=2733;DynastyProcess OVR=148.8 POS=63 VAL=318,179,228,49.0,9.0,minor_rank_gap
SF,Tahj Brooks,RB,CIN,24.0,DynastyProcess;FantasyCalc;KeepTradeCut,FantasyCalc OVR=374 POS=88 VAL=283;KeepTradeCut OVR=325 POS=82 VAL=1661;DynastyProcess OVR=275 POS=86.7 VAL=16,325,374,49.0,6.0,minor_rank_gap
SF,Tre Tucker,WR,LVR,25.2,DynastyProcess;FantasyCalc;KeepTradeCut,FantasyCalc OVR=265 POS=85 VAL=1014;KeepTradeCut OVR=216 POS=85 VAL=2442;DynastyProcess OVR=230.5 POS=96.8 VAL=47,216,265,49.0,0.0,minor_rank_gap
SF,Marquise Brown,WR,PHI,29.0,FantasyCalc;KeepTradeCut,FantasyCalc OVR=362 POS=115 VAL=357;KeepTradeCut OVR=313 POS=115 VAL=1724,313,362,49.0,0.0,minor_rank_gap
SF,Jalen Coker,WR,CAR,24.6,DynastyProcess;FantasyCalc;KeepTradeCut,FantasyCalc OVR=197 POS=67 VAL=1404;KeepTradeCut OVR=149 POS=56 VAL=3051;DynastyProcess OVR=152.5 POS=64.4 VAL=292,149,197,48.0,11.0,minor_rank_gap
SF,Will Howard,QB,PIT,24.6,DynastyProcess;FantasyCalc;KeepTradeCut,FantasyCalc OVR=325 POS=46 VAL=633;KeepTradeCut OVR=277 POS=41 VAL=1987;DynastyProcess OVR=280.5 POS=50.5 VAL=14,277,325,48.0,5.0,minor_rank_gap
SF,Colby Parkinson,TE,LAR,27.4,DynastyProcess;FantasyCalc;KeepTradeCut,FantasyCalc OVR=334 POS=43 VAL=585;KeepTradeCut OVR=286 POS=39 VAL=1897;DynastyProcess OVR=259.5 POS=45.1 VAL=24,286,334,48.0,4.0,minor_rank_gap
SF,Jaydon Blue,RB,DAL,22.4,DynastyProcess;FantasyCalc;KeepTradeCut,FantasyCalc OVR=328 POS=75 VAL=621;KeepTradeCut OVR=280 POS=72 VAL=1975;DynastyProcess OVR=252.6 POS=71.4 VAL=28,280,328,48.0,3.0,minor_rank_gap
SF,DJ Giddens,RB,IND,22.7,DynastyProcess;FantasyCalc;KeepTradeCut,FantasyCalc OVR=321 POS=72 VAL=658;KeepTradeCut OVR=273 POS=71 VAL=2031;DynastyProcess OVR=264.5 POS=76.6 VAL=21,273,321,48.0,1.0,minor_rank_gap
1QB,Jordan James,RB,SFO,22.1,DynastyProcess;FantasyCalc;FantasyPros;KeepTradeCut,FantasyCalc OVR=299 POS=69 VAL=776;FantasyPros OVR=288 POS=86 VAL=;KeepTradeCut OVR=252 POS=68 VAL=2570;DynastyProcess OVR=286.2 POS=82.5 VAL=13,252,299,47.0,18.0,rank_dislocation_watchlist
1QB,Jalen McMillan,WR,TBB,24.4,DynastyProcess;FantasyCalc;FantasyPros;KeepTradeCut,FantasyCalc OVR=191 POS=68 VAL=1409;FantasyPros OVR=151 POS=66 VAL=;KeepTradeCut OVR=144 POS=57 VAL=3753;DynastyProcess OVR=158.4 POS=69.3 VAL=254,144,191,47.0,11.0,minor_rank_gap
SF,Braelon Allen,RB,NYJ,22.3,DynastyProcess;FantasyCalc;KeepTradeCut,FantasyCalc OVR=232 POS=55 VAL=1202;KeepTradeCut OVR=185 POS=45 VAL=2686;DynastyProcess OVR=215.2 POS=58.8 VAL=67,185,232,47.0,10.0,minor_rank_gap
1QB,Trey Benson,RB,ARI,23.8,DynastyProcess;FantasyCalc;FantasyPros;KeepTradeCut,FantasyCalc OVR=263 POS=65 VAL=922;FantasyPros OVR=216 POS=60 VAL=;KeepTradeCut OVR=219 POS=58 VAL=2915;DynastyProcess OVR=223.4 POS=61.6 VAL=55,216,263,47.0,7.0,minor_rank_gap
1QB,Evan Engram,TE,DEN,31.7,DynastyProcess;FantasyCalc;FantasyPros;KeepTradeCut,FantasyCalc OVR=323 POS=40 VAL=609;FantasyPros OVR=276 POS=39 VAL=;KeepTradeCut OVR=293 POS=43 VAL=2163;DynastyProcess OVR=264.2 POS=41.4 VAL=21,276,323,47.0,4.0,minor_rank_gap
1QB,Matt Hibner,TE,BAL,24,DynastyProcess;FantasyCalc;FantasyPros,FantasyCalc OVR=349 POS=47 VAL=392;FantasyPros OVR=395 POS=58 VAL=;DynastyProcess OVR=292 POS=56.7 VAL=11,349,395,46.0,11.0,minor_rank_gap
SF,Cade Otton,TE,TBB,27.1,DynastyProcess;FantasyCalc;KeepTradeCut,FantasyCalc OVR=278 POS=34 VAL=935;KeepTradeCut OVR=232 POS=29 VAL=2326;DynastyProcess OVR=208.9 POS=32 VAL=77,232,278,46.0,5.0,minor_rank_gap
SF,Devaughn Vele,WR,NOS,28.4,DynastyProcess;FantasyCalc;KeepTradeCut,FantasyCalc OVR=393 POS=126 VAL=198;KeepTradeCut OVR=347 POS=131 VAL=1507;DynastyProcess OVR=259.1 POS=110.3 VAL=24,347,393,46.0,5.0,minor_rank_gap
SF,Cade Klubnik,QB,NYJ,-1.0,DynastyProcess;FantasyCalc;KeepTradeCut,FantasyCalc OVR=262 POS=41 VAL=1030;KeepTradeCut OVR=308 POS=44 VAL=1744;DynastyProcess OVR=251 POS=46.3 VAL=29,262,308,46.0,3.0,minor_rank_gap
SF,Justice Hill,RB,BAL,28.5,DynastyProcess;FantasyCalc;KeepTradeCut,FantasyCalc OVR=411 POS=94 VAL=147;KeepTradeCut OVR=365 POS=91 VAL=1369;DynastyProcess OVR=289.9 POS=91.2 VAL=12,365,411,46.0,3.0,minor_rank_gap
1QB,Kyler Murray,QB,MIN,28.8,DynastyProcess;FantasyCalc;FantasyPros;KeepTradeCut,FantasyCalc OVR=168 POS=23 VAL=1540;FantasyPros OVR=122 POS=21 VAL=;KeepTradeCut OVR=137 POS=21 VAL=3875;DynastyProcess OVR=128.6 POS=21.4 VAL=511,122,168,46.0,2.0,minor_rank_gap
SF,Emmett Johnson,RB,KCC,-1.0,DynastyProcess;FantasyCalc;KeepTradeCut,FantasyCalc OVR=159 POS=35 VAL=1692;KeepTradeCut OVR=204 POS=50 VAL=2555;DynastyProcess OVR=190.6 POS=53.1 VAL=119,159,204,45.0,15.0,rank_dislocation_watchlist
1QB,Aaron Jones,RB,MIN,31.5,FantasyCalc;KeepTradeCut,FantasyCalc OVR=198 POS=54 VAL=1380;KeepTradeCut OVR=243 POS=65 VAL=2635,198,243,45.0,11.0,minor_rank_gap
SF,Jalen McMillan,WR,TBB,24.4,DynastyProcess;FantasyCalc;KeepTradeCut,FantasyCalc OVR=199 POS=68 VAL=1395;KeepTradeCut OVR=154 POS=59 VAL=2980;DynastyProcess OVR=167.4 POS=69.3 VAL=205,154,199,45.0,9.0,minor_rank_gap
SF,Woody Marks,RB,HOU,25.4,DynastyProcess;FantasyCalc;KeepTradeCut,FantasyCalc OVR=208 POS=49 VAL=1345;KeepTradeCut OVR=163 POS=40 VAL=2883;DynastyProcess OVR=169.3 POS=43 VAL=196,163,208,45.0,9.0,minor_rank_gap
SF,Jarquez Hunter,RB,LAR,23.4,DynastyProcess;FantasyCalc;KeepTradeCut,FantasyCalc OVR=366 POS=84 VAL=301;KeepTradeCut OVR=321 POS=81 VAL=1671;DynastyProcess OVR=265.8 POS=77.4 VAL=20,321,366,45.0,3.0,minor_rank_gap
SF,Kirk Cousins,QB,LVR,37.8,DynastyProcess;FantasyCalc;KeepTradeCut,FantasyCalc OVR=231 POS=38 VAL=1218;KeepTradeCut OVR=276 POS=40 VAL=2004;DynastyProcess OVR=242.4 POS=40.6 VAL=35,231,276,45.0,2.0,minor_rank_gap
1QB,Josh Cameron,WR,JAC,23,DynastyProcess;FantasyCalc;FantasyPros,FantasyCalc OVR=374 POS=122 VAL=267;FantasyPros OVR=418 POS=147 VAL=;DynastyProcess OVR=311 POS=136.2 VAL=7,374,418,44.0,25.0,major_rank_disagreement
1QB,Jayden Reed,WR,GBP,26.1,DynastyProcess;FantasyCalc;FantasyPros;KeepTradeCut,FantasyCalc OVR=148 POS=56 VAL=1741;FantasyPros OVR=109 POS=51 VAL=;KeepTradeCut OVR=105 POS=41 VAL=4389;DynastyProcess OVR=110 POS=51.2 VAL=792,105,148,43.0,15.0,rank_dislocation_watchlist
1QB,Kaytron Allen,RB,WAS,-1.0,DynastyProcess;FantasyCalc;FantasyPros;KeepTradeCut,FantasyCalc OVR=162 POS=43 VAL=1605;FantasyPros OVR=195 POS=53 VAL=;KeepTradeCut OVR=205 POS=52 VAL=3032;DynastyProcess OVR=203.7 POS=58.7 VAL=88,162,205,43.0,10.0,minor_rank_gap
1QB,Ollie Gordon,RB,MIA,22.3,FantasyCalc;KeepTradeCut,FantasyCalc OVR=257 POS=64 VAL=967;KeepTradeCut OVR=214 POS=54 VAL=2955,214,257,43.0,10.0,minor_rank_gap
SF,Max Klare,TE,LAR,-1.0,DynastyProcess;FantasyCalc;KeepTradeCut,FantasyCalc OVR=211 POS=23 VAL=1330;KeepTradeCut OVR=250 POS=35 VAL=2163;DynastyProcess OVR=201.3 POS=30.7 VAL=93,211,250,39.0,12.0,minor_rank_gap
SF,Jayden Reed,WR,GBP,26.1,DynastyProcess;FantasyCalc;KeepTradeCut,FantasyCalc OVR=157 POS=56 VAL=1723;KeepTradeCut OVR=120 POS=43 VAL=3445;DynastyProcess OVR=122.4 POS=51.2 VAL=592,120,157,37.0,13.0,minor_rank_gap
1QB,Wan'Dale Robinson,WR,TEN,25.4,DynastyProcess;FantasyCalc;FantasyPros;KeepTradeCut,FantasyCalc OVR=134 POS=49 VAL=1842;FantasyPros OVR=97 POS=44 VAL=;KeepTradeCut OVR=100 POS=39 VAL=4489;DynastyProcess OVR=97.7 POS=44.5 VAL=1057,97,134,37.0,10.0,minor_rank_gap
1QB,MarShawn Lloyd,RB,GBP,25.4,DynastyProcess;FantasyCalc;FantasyPros;KeepTradeCut,FantasyCalc OVR=310 POS=73 VAL=716;FantasyPros OVR=273 POS=83 VAL=;KeepTradeCut OVR=286 POS=78 VAL=2197;DynastyProcess OVR=285.6 POS=83.2 VAL=13,273,310,37.0,10.0,minor_rank_gap
1QB,Tre Tucker,WR,LVR,25.2,DynastyProcess;FantasyCalc;FantasyPros;KeepTradeCut,FantasyCalc OVR=249 POS=85 VAL=1024;FantasyPros OVR=234 POS=96 VAL=;KeepTradeCut OVR=213 POS=87 VAL=2960;DynastyProcess OVR=230.7 POS=96.8 VAL=46,213,249,36.0,11.0,minor_rank_gap
SF,Ricky Pearsall,WR,SFO,25.7,DynastyProcess;FantasyCalc;KeepTradeCut,FantasyCalc OVR=154 POS=54 VAL=1748;KeepTradeCut OVR=119 POS=42 VAL=3473;DynastyProcess OVR=104 POS=41.8 VAL=912,119,154,35.0,12.0,minor_rank_gap
1QB,Ja'Kobi Lane,WR,BAL,-1.0,DynastyProcess;FantasyCalc;FantasyPros;KeepTradeCut,FantasyCalc OVR=219 POS=74 VAL=1261;FantasyPros OVR=189 POS=82 VAL=;KeepTradeCut OVR=223 POS=89 VAL=2862;DynastyProcess OVR=203.8 POS=89 VAL=87,189,223,34.0,15.0,rank_dislocation_watchlist
SF,Joe Mixon,RB,FA,29.8,DynastyProcess;FantasyCalc;KeepTradeCut,FantasyCalc OVR=370 POS=86 VAL=292;KeepTradeCut OVR=403 POS=102 VAL=1159;DynastyProcess OVR=281.9 POS=88.8 VAL=14,370,403,33.0,16.0,rank_dislocation_watchlist
1QB,Skyler Bell,WR,BUF,23.9,DynastyProcess;FantasyCalc;FantasyPros;KeepTradeCut,FantasyCalc OVR=206 POS=70 VAL=1313;FantasyPros OVR=178 POS=78 VAL=;KeepTradeCut OVR=211 POS=85 VAL=2968;DynastyProcess OVR=193.5 POS=83.3 VAL=111,178,211,33.0,15.0,rank_dislocation_watchlist
SF,Wan'Dale Robinson,WR,TEN,25.4,DynastyProcess;FantasyCalc;KeepTradeCut,FantasyCalc OVR=146 POS=49 VAL=1823;KeepTradeCut OVR=113 POS=39 VAL=3582;DynastyProcess OVR=110.6 POS=44.5 VAL=781,113,146,33.0,10.0,minor_rank_gap
1QB,Chris Bell,WR,MIA,-1.0,DynastyProcess;FantasyCalc;FantasyPros;KeepTradeCut,FantasyCalc OVR=119 POS=43 VAL=2005;FantasyPros OVR=133 POS=58 VAL=;KeepTradeCut OVR=151 POS=60 VAL=3630;DynastyProcess OVR=140.6 POS=63.5 VAL=386,119,151,32.0,17.0,rank_dislocation_watchlist
1QB,Joe Milton,QB,DAL,26.2,FantasyCalc;KeepTradeCut,FantasyCalc OVR=410 POS=55 VAL=123;KeepTradeCut OVR=378 POS=42 VAL=1447,378,410,32.0,13.0,minor_rank_gap
1QB,Terry McLaurin,WR,WAS,30.7,DynastyProcess;FantasyCalc;FantasyPros;KeepTradeCut,FantasyCalc OVR=100 POS=35 VAL=2216;FantasyPros OVR=80 POS=36 VAL=;KeepTradeCut OVR=112 POS=46 VAL=4260;DynastyProcess OVR=79.8 POS=36.2 VAL=1610,80,112,32.0,11.0,minor_rank_gap
1QB,Jonathon Brooks,RB,CAR,22.8,DynastyProcess;FantasyCalc;FantasyPros;KeepTradeCut,FantasyCalc OVR=138 POS=36 VAL=1832;FantasyPros OVR=167 POS=44 VAL=;KeepTradeCut OVR=135 POS=34 VAL=3888;DynastyProcess OVR=127.2 POS=49.6 VAL=528,135,167,32.0,10.0,minor_rank_gap
1QB,Jalen Nailor,WR,LVR,27.2,DynastyProcess;FantasyCalc;FantasyPros;KeepTradeCut,FantasyCalc OVR=221 POS=75 VAL=1251;FantasyPros OVR=251 POS=103 VAL=;KeepTradeCut OVR=230 POS=90 VAL=2787;DynastyProcess OVR=240.6 POS=100.2 VAL=37,221,251,30.0,28.0,major_rank_disagreement
1QB,Braelon Allen,RB,NYJ,22.3,DynastyProcess;FantasyCalc;FantasyPros;KeepTradeCut,FantasyCalc OVR=202 POS=55 VAL=1325;FantasyPros OVR=207 POS=57 VAL=;KeepTradeCut OVR=177 POS=45 VAL=3366;DynastyProcess OVR=212.2 POS=58.8 VAL=72,177,207,30.0,12.0,minor_rank_gap
SF,Keenan Allen,WR,FA,34.1,DynastyProcess;FantasyCalc;KeepTradeCut,FantasyCalc OVR=378 POS=120 VAL=269;KeepTradeCut OVR=348 POS=132 VAL=1484;DynastyProcess OVR=241.2 POS=103.7 VAL=36,348,378,30.0,12.0,minor_rank_gap
1QB,Josh Downs,WR,IND,24.8,DynastyProcess;FantasyCalc;FantasyPros;KeepTradeCut,FantasyCalc OVR=127 POS=46 VAL=1908;FantasyPros OVR=104 POS=49 VAL=;KeepTradeCut OVR=98 POS=38 VAL=4502;DynastyProcess OVR=108.1 POS=49.1 VAL=828,98,127,29.0,11.0,minor_rank_gap
1QB,Jack Bech,WR,LVR,23.4,DynastyProcess;FantasyCalc;FantasyPros;KeepTradeCut,FantasyCalc OVR=226 POS=77 VAL=1230;FantasyPros OVR=221 POS=92 VAL=;KeepTradeCut OVR=198 POS=78 VAL=3119;DynastyProcess OVR=206.2 POS=91.1 VAL=83,198,226,28.0,15.0,rank_dislocation_watchlist
1QB,A.J. Brown,WR,PHI,28.9,DynastyProcess;FantasyCalc;FantasyPros;KeepTradeCut,FantasyCalc OVR=54 POS=22 VAL=3570;FantasyPros OVR=32 POS=18 VAL=;KeepTradeCut OVR=59 POS=28 VAL=5551;DynastyProcess OVR=28.2 POS=20 VAL=5412,32,59,27.0,10.0,minor_rank_gap
SF,Chris Bell,WR,MIA,-1.0,DynastyProcess;FantasyCalc;KeepTradeCut,FantasyCalc OVR=128 POS=42 VAL=1994;KeepTradeCut OVR=153 POS=58 VAL=3008;DynastyProcess OVR=152.9 POS=63.5 VAL=289,128,153,25.0,16.0,rank_dislocation_watchlist
1QB,Will Howard,QB,PIT,24.6,DynastyProcess;FantasyCalc;FantasyPros;KeepTradeCut,FantasyCalc OVR=358 POS=46 VAL=342;FantasyPros OVR=338 POS=49 VAL=;KeepTradeCut OVR=362 POS=39 VAL=1557;DynastyProcess OVR=308.7 POS=50.5 VAL=7,338,362,24.0,10.0,minor_rank_gap
1QB,Cyrus Allen,WR,KC,23,DynastyProcess;FantasyCalc;FantasyPros,FantasyCalc OVR=387 POS=128 VAL=193;FantasyPros OVR=410 POS=141 VAL=;DynastyProcess OVR=313.6 POS=132.8 VAL=7,387,410,23.0,13.0,minor_rank_gap
SF,Antonio Williams,WR,WAS,-1.0,DynastyProcess;FantasyCalc;KeepTradeCut,FantasyCalc OVR=144 POS=48 VAL=1833;KeepTradeCut OVR=166 POS=64 VAL=2822;DynastyProcess OVR=152.9 POS=66.3 VAL=289,144,166,22.0,16.0,rank_dislocation_watchlist
1QB,Mack Hollins,WR,NEP,32.7,DynastyProcess;FantasyCalc;FantasyPros;KeepTradeCut,FantasyCalc OVR=419 POS=138 VAL=90;FantasyPros OVR=411 POS=142 VAL=;KeepTradeCut OVR=398 POS=154 VAL=1321;DynastyProcess OVR=322.4 POS=126.1 VAL=5,398,419,21.0,16.0,rank_dislocation_watchlist
SF,Kaytron Allen,RB,WAS,-1.0,DynastyProcess;FantasyCalc;KeepTradeCut,FantasyCalc OVR=192 POS=42 VAL=1461;KeepTradeCut OVR=213 POS=52 VAL=2466;DynastyProcess OVR=206.2 POS=58.7 VAL=83,192,213,21.0,10.0,minor_rank_gap
1QB,David Njoku,TE,LAC,29.9,DynastyProcess;FantasyCalc;FantasyPros;KeepTradeCut,FantasyCalc OVR=231 POS=24 VAL=1185;FantasyPros OVR=212 POS=34 VAL=;KeepTradeCut OVR=210 POS=25 VAL=2996;DynastyProcess OVR=214.7 POS=33.5 VAL=68,210,231,21.0,10.0,minor_rank_gap
1QB,Germie Bernard,WR,PIT,-1.0,DynastyProcess;FantasyCalc;FantasyPros;KeepTradeCut,FantasyCalc OVR=137 POS=51 VAL=1833;FantasyPros OVR=140 POS=62 VAL=;KeepTradeCut OVR=157 POS=62 VAL=3571;DynastyProcess OVR=156.5 POS=68.4 VAL=265,137,157,20.0,11.0,minor_rank_gap
1QB,Travis Hunter,WR,JAC,23.0,DynastyProcess;FantasyCalc;FantasyPros;KeepTradeCut,FantasyCalc OVR=104 POS=37 VAL=2127;FantasyPros OVR=123 POS=56 VAL=;KeepTradeCut OVR=123 POS=52 VAL=4083;DynastyProcess OVR=126.2 POS=57.9 VAL=541,104,123,19.0,19.0,rank_dislocation_watchlist
1QB,Matthew Golden,WR,GBP,22.8,DynastyProcess;FantasyCalc;FantasyPros;KeepTradeCut,FantasyCalc OVR=105 POS=38 VAL=2125;FantasyPros OVR=110 POS=52 VAL=;KeepTradeCut OVR=91 POS=35 VAL=4638;DynastyProcess OVR=113.2 POS=52.2 VAL=734,91,110,19.0,17.0,rank_dislocation_watchlist
1QB,Malachi Fields,WR,NYG,-1.0,DynastyProcess;FantasyCalc;FantasyPros;KeepTradeCut,FantasyCalc OVR=175 POS=63 VAL=1494;FantasyPros OVR=172 POS=74 VAL=;KeepTradeCut OVR=191 POS=74 VAL=3214;DynastyProcess OVR=192.2 POS=83.2 VAL=115,172,191,19.0,11.0,minor_rank_gap
1QB,Zachariah Branch,WR,ATL,-1.0,DynastyProcess;FantasyCalc;FantasyPros;KeepTradeCut,FantasyCalc OVR=170 POS=62 VAL=1526;FantasyPros OVR=188 POS=81 VAL=;KeepTradeCut OVR=186 POS=72 VAL=3285;DynastyProcess OVR=201.7 POS=87.3 VAL=92,170,188,18.0,19.0,rank_dislocation_watchlist
1QB,Keon Coleman,WR,BUF,23.0,DynastyProcess;FantasyCalc;FantasyPros;KeepTradeCut,FantasyCalc OVR=230 POS=79 VAL=1201;FantasyPros OVR=217 POS=91 VAL=;KeepTradeCut OVR=212 POS=86 VAL=2962;DynastyProcess OVR=215.6 POS=92.4 VAL=66,212,230,18.0,12.0,minor_rank_gap
1QB,Kevin Coleman,WR,MIA,-1.0,FantasyCalc;KeepTradeCut,FantasyCalc OVR=295 POS=97 VAL=803;KeepTradeCut OVR=308 POS=119 VAL=2025,295,308,13.0,22.0,rank_dislocation_watchlist
1QB,Denzel Boston,WR,CLE,-1.0,DynastyProcess;FantasyCalc;FantasyPros;KeepTradeCut,FantasyCalc OVR=96 POS=34 VAL=2326;FantasyPros OVR=100 POS=47 VAL=;KeepTradeCut OVR=109 POS=44 VAL=4302;DynastyProcess OVR=104.5 POS=47.6 VAL=901,96,109,13.0,13.0,minor_rank_gap
1QB,Elijah Sarratt,WR,BAL,-1.0,DynastyProcess;FantasyCalc;FantasyPros;KeepTradeCut,FantasyCalc OVR=165 POS=61 VAL=1576;FantasyPros OVR=166 POS=72 VAL=;KeepTradeCut OVR=178 POS=70 VAL=3364;DynastyProcess OVR=181.1 POS=79.4 VAL=149,165,178,13.0,11.0,minor_rank_gap
SF,Denzel Boston,WR,CLE,-1.0,DynastyProcess;FantasyCalc;KeepTradeCut,FantasyCalc OVR=109 POS=34 VAL=2306;KeepTradeCut OVR=121 POS=44 VAL=3436;DynastyProcess OVR=116.4 POS=47.6 VAL=681,109,121,12.0,10.0,minor_rank_gap
SF,Brandon Aiyuk,WR,SFO,28.2,DynastyProcess;FantasyCalc;KeepTradeCut,FantasyCalc OVR=218 POS=71 VAL=1280;KeepTradeCut OVR=229 POS=89 VAL=2350;DynastyProcess OVR=101.2 POS=59.8 VAL=974,218,229,11.0,18.0,rank_dislocation_watchlist
SF,Stefon Diggs,WR,FA,32.5,DynastyProcess;FantasyCalc;KeepTradeCut,FantasyCalc OVR=239 POS=80 VAL=1168;KeepTradeCut OVR=249 POS=92 VAL=2171;DynastyProcess OVR=163.7 POS=69.6 VAL=224,239,249,10.0,12.0,minor_rank_gap
SF,Travis Hunter,WR,JAC,23.0,DynastyProcess;FantasyCalc;KeepTradeCut,FantasyCalc OVR=119 POS=37 VAL=2105;KeepTradeCut OVR=128 POS=48 VAL=3353;DynastyProcess OVR=136.4 POS=57.9 VAL=426,119,128,9.0,11.0,minor_rank_gap
SF,Germie Bernard,WR,PIT,-1.0,DynastyProcess;FantasyCalc;KeepTradeCut,FantasyCalc OVR=147 POS=50 VAL=1822;KeepTradeCut OVR=156 POS=60 VAL=2967;DynastyProcess OVR=161.6 POS=68.4 VAL=235,147,156,9.0,10.0,minor_rank_gap
SF,Zachariah Branch,WR,ATL,-1.0,DynastyProcess;FantasyCalc;KeepTradeCut,FantasyCalc OVR=183 POS=62 VAL=1517;KeepTradeCut OVR=191 POS=73 VAL=2664;DynastyProcess OVR=202.9 POS=87.3 VAL=89,183,191,8.0,11.0,minor_rank_gap
SF,Terry McLaurin,WR,WAS,30.7,DynastyProcess;FantasyCalc;KeepTradeCut,FantasyCalc OVR=114 POS=35 VAL=2193;KeepTradeCut OVR=122 POS=45 VAL=3428;DynastyProcess OVR=92.4 POS=36.2 VAL=1197,114,122,8.0,10.0,minor_rank_gap
SF,Tyreek Hill,WR,FA,32.2,DynastyProcess;FantasyCalc;KeepTradeCut,FantasyCalc OVR=277 POS=87 VAL=940;KeepTradeCut OVR=271 POS=101 VAL=2040;DynastyProcess OVR=125.1 POS=79.3 VAL=555,271,277,6.0,14.0,minor_rank_gap
SF,Kevin Coleman,WR,MIA,-1.0,FantasyCalc;KeepTradeCut,FantasyCalc OVR=304 POS=96 VAL=800;KeepTradeCut OVR=309 POS=112 VAL=1743,304,309,5.0,16.0,rank_dislocation_watchlist
SF,Skyler Bell,WR,BUF,23.9,DynastyProcess;FantasyCalc;KeepTradeCut,FantasyCalc OVR=213 POS=70 VAL=1312;KeepTradeCut OVR=208 POS=80 VAL=2504;DynastyProcess OVR=198.1 POS=83.3 VAL=100,208,213,5.0,10.0,minor_rank_gap
SF,Jalen Nailor,WR,LVR,27.2,DynastyProcess;FantasyCalc;KeepTradeCut,FantasyCalc OVR=226 POS=75 VAL=1238;KeepTradeCut OVR=230 POS=90 VAL=2349;DynastyProcess OVR=233.8 POS=100.2 VAL=43,226,230,4.0,15.0,rank_dislocation_watchlist
1QB,Elijah Moore,WR,PHI,26.2,DynastyProcess;FantasyPros;KeepTradeCut,FantasyPros OVR=374 POS=131 VAL=;KeepTradeCut OVR=371 POS=144 VAL=1492;DynastyProcess OVR=300.8 POS=131.8 VAL=9,371,374,3.0,13.0,minor_rank_gap
SF,Ja'Kobi Lane,WR,BAL,-1.0,DynastyProcess;FantasyCalc;KeepTradeCut,FantasyCalc OVR=225 POS=74 VAL=1247;KeepTradeCut OVR=226 POS=88 VAL=2361;DynastyProcess OVR=208.8 POS=89 VAL=78,225,226,1.0,14.0,minor_rank_gap
