shivsakhuja	2026-06-30T21:54:17.000Z	291	20	8	0	991	35973	https://x.com/shivsakhuja/status/2072076282360471906	Claude can run your company's growth with these 5 skill libraries.  Bookmark this.  1. alirezarezvani/claude-skills — 345 skills across 17 domains, 46 of them are specifically for marketing, organized into pods for content, SEO + AEO, CRO, growth, and landing pages.  2.
socialwithaayan	2026-07-01T15:46:57.000Z	128	41	19	0	189	25393	https://x.com/socialwithaayan/status/2072346227753296356	50 GITHUB REPOS THAT ARE ACTUALLY USEFUL  1. iFixAi — stress test AI for misalignment → https://t.co/8MPQGp00xO  2. public-apis — free APIs for everything → https://t.co/1JLyjwKw8a  3. build-your-own-x — learn by building → https://t.co/hzKI6VJmEM  4. developer-roadmap — learn https://t.co/scaaQ1pDD6
fluixoo	2026-07-03T17:41:07.000Z	95	14	13	2	3	14230	https://x.com/fluixoo/status/2073099733111906587	A $200 Claude subscription does not become a $40,000/month business by itself.  The business is not the tool.  The business is the wedge.  Help 3 small businesses for free. Find one painful workflow. Build one useful AI fix. Get one real testimonial. Turn that proof into a $500 https://t.co/PqsN9d7ziP https://t.co/fEHwH2FU1L
shushant_l	2026-06-29T15:00:25.000Z	38	6	8	1	28	1929	https://x.com/shushant_l/status/2071609739797221698	I'm shocked most people think making money with AI starts with building an AI startup.  Here's the 11-level AI wealth ladder that shows the smartest path from $0 to potentially unlimited income.  ---  📂 AI Wealth Ladder ┃ ┣ 📂 Level 0: AI User ┃ ┣ 📂 Save Time ┃ ┗ 📂 Learn https://t.co/gc6IXq1gKA
Ai_Vaidehi	2026-07-01T12:22:31.000Z	37	9	7	0	17	1332	https://x.com/Ai_Vaidehi/status/2072294778633662866	🚀 𝗧𝗼𝗽 𝟭𝟬 𝗚𝗶𝘁𝗛𝘂𝗯 𝗥𝗲𝗽𝗼𝘀 𝗧𝗵𝗮𝘁 𝗧𝘂𝗿𝗻 𝗖𝗹𝗮𝘂𝗱𝗲 𝗜𝗻𝘁𝗼 𝗔 𝗣𝗿𝗼𝗱𝘂𝗰𝘁𝗶𝘃𝗶𝘁𝘆 𝗠𝗮𝗰𝗵𝗶𝗻𝗲  ⚡ Turn Claude from a simple AI assistant into a powerful workflow engine.  These GitHub repos help you automate, build, research, and ship faster.  🔹 𝗢𝟭. https://t.co/sKHLIo8gCo
0xquad	2026-07-05T12:50:03.000Z	34	1	13	0	6	871	https://x.com/0xquad/status/2073751260612751378	i just found an ai roadmap with 137 business workflows that shows exactly where ai fits inside a company  it gives you a structured path, so you do not need to experiment with random prompts   here is what you get:  -137 AI workflows -organized across 7 business departments -a https://t.co/R4pH70MYVk
maulik_5	2026-07-05T02:11:45.000Z	25	2	15	1	1	1169	https://x.com/maulik_5/status/2073590626231423361	Today I turn 15 years old 🥳  14 was one hell of a year.  • First heartbreak • Found philosophy &amp; psychology • Started vibe coding • Built multiple products • Found Mailient • Launched my first SaaS • Started building in public • 500+ founders connected on X • Hundreds https://t.co/VGwfDj9TbA
coffee_effects	2026-07-04T18:21:24.000Z	20	0	15	0	0	530	https://x.com/coffee_effects/status/2073472261118734734	Hey @X @grok algorithm 👋     I’m looking to #connect with people interested in:  - SaaS - Frontend  - Backend  - Full-stack  - DevOps  - App Development  - AI / ML  - Data Science  - LeetCode &amp; DSA  - Freelancing  - Building in public        If that’s you, let’s connect  #saas https://t.co/3efP8QwdAz
AnandButani	2026-07-03T14:31:46.000Z	16	9	4	0	12	736	https://x.com/AnandButani/status/2073052083805462788	🔖BOOKMARK THIS!  🚨8 GITHUB REPOS YOU CAN'T MISS   1. OPENCLAW — 210,000+ stars    The terminal AI agent that went viral overnight    → Browser automation, scheduling, workflow automation    → Free to self-host  2. OLLAMA — 165,000+ stars    Run any LLM locally. No data leaves
SuccessSparksX	2026-07-03T05:18:57.000Z	15	14	4	0	6	534	https://x.com/SuccessSparksX/status/2072912963221221541	🚀 𝗧𝗼𝗽 𝟭𝟬 𝗚𝗶𝘁𝗛𝘂𝗯 𝗥𝗲𝗽𝗼𝘀 𝗧𝗵𝗮𝘁 𝗧𝘂𝗿𝗻 𝗖𝗹𝗮𝘂𝗱𝗲 𝗜𝗻𝘁𝗼 𝗔 𝗣𝗿𝗼𝗱𝘂𝗰𝘁𝗶𝘃𝗶𝘁𝘆 𝗠𝗮𝗰𝗵𝗶𝗻𝗲  ⚡ Turn Claude from a simple AI assistant into a powerful workflow engine.  These GitHub repos help you automate, build, research, and ship faster.  🔹 𝗢𝟭. https://t.co/VqCUXPazRe
peterli34923561	2026-07-02T04:01:13.000Z	14	2	0	0	2	1479	https://x.com/peterli34923561/status/2072531010290589844	$CRM --- $CRM's core AI platform Agentforce has crossed the $1 billion ARR mark for the first time. Combined AI and Data Cloud ARR hit $3.4 billion — up over 200% YoY. This directly shatters the narrative that "software companies can't actually monetize AI."  In mid-June, $CRM https://t.co/I77Jb9OCAR
YashHustle_22	2026-07-05T15:39:11.000Z	12	0	15	0	1	782	https://x.com/YashHustle_22/status/2073793822757466515	As a founder, what’s the best way to get your first 100 users?  - Cold outreach / DMs - Building in public - Organic SEO / Content - Ads
mirr_marketing	2026-07-02T22:09:17.000Z	12	0	7	0	1	1299	https://x.com/mirr_marketing/status/2072804831849574407	hey I’m Dylan!  new-ish to X, here’s an intro:  &gt; seoul → sf  &gt; building Mirr, social media Ai agents &gt; solo founder, now hired my cofounder &gt; hit $20k MRR in 4 months &gt; recently graduated school &gt; obsessed with AI, SaaS, marketing, and GTM &gt; learning distribution in public &gt; https://t.co/gTyNZQn9RI
LoopOnChain	2026-07-04T14:15:02.000Z	11	1	5	0	14	1152	https://x.com/LoopOnChain/status/2073410260799209676	If I lost my job tomorrow &amp; had to replace my salary in the next 6 months, here's exactly what I'd do:  1. Go to Claude. Enter this prompt:  "You're an AI consultant helping a small business find fast, high-value ways to use AI. Here is the business: [describe what they do, how https://t.co/zSIUKFJu3W
rgs_2_tahsin	2026-07-03T02:55:06.000Z	10	0	1	0	0	115	https://x.com/rgs_2_tahsin/status/2072876758572081354	Async Transactions, Built for Rialo   Blockchain applications are evolving beyond simple token transfers. As decentralized systems become more connected with AI, enterprise infrastructure, and real world services, they require execution models that can handle complex workflows https://t.co/rVm4LKQ7WP
Daseingram	2026-07-05T08:48:58.000Z	9	0	1	0	0	97	https://x.com/Daseingram/status/2073690588759642299	🌟 https://t.co/eVuu2m2GfS  Real estate will be searched, matched, negotiated, and managed by AI agents.  https://t.co/eVuu2m2GfS is built for AI property agents, smart flat search, rental automation, tenant matching, apartment booking, property management, and future PropTech https://t.co/lNDrS4pcQ4
Daseingram	2026-07-05T08:48:58.000Z	9	0	1	0	0	97	https://x.com/Daseingram/status/2073690588759642299	🌟 https://t.co/eVuu2m2GfS  Real estate will be searched, matched, negotiated, and managed by AI agents.  https://t.co/eVuu2m2GfS is built for AI property agents, smart flat search, rental automation, tenant matching, apartment booking, property management, and future PropTech https://t.co/lNDrS4pcQ4
SalesforceDevs	2026-07-03T15:05:07.000Z	9	1	0	0	3	1244	https://x.com/SalesforceDevs/status/2073060474690621475	🤖 Build AI-powered React apps with Agentforce.  Join @Salesforce Developer Advocates @msrivastav13 and @DevRelSean for this month's Agentforce NOW codeLive and learn how to:  🔹 Set up a React app on Salesforce from scratch 🔹 Configure an Agentforce Employee Agent with https://t.co/qNnFqDM0UR
RemotejobWtessy	2026-07-02T12:33:37.000Z	8	2	1	0	4	3369	https://x.com/RemotejobWtessy/status/2072659963000791519	Hiring: Excel Expert (Contractor)  🌍 Remote | 💰 $40–$55/hour  We’re looking for an Excel Expert with advanced skills in Microsoft Excel to analyze complex datasets, optimize workflows, and create high-quality documentation and templates.  Requirements:  Expert-level Microsoft
__Samir_broz	2026-07-05T09:15:16.000Z	6	0	0	0	0	30	https://x.com/__Samir_broz/status/2073697209670053929	Exploring how Rialo makes AI workflow automation more practical for businesses of all sizes   @RialoHQ   AI workflow automation sounds great in theory but most businesses hit the same wall in practice. Building it requires stitching together multiple services, managing https://t.co/r8K2cwejtm
ai_rohitt	2026-07-04T12:50:05.000Z	6	0	3	0	8	1440	https://x.com/ai_rohitt/status/2073388882700427486	𝗦𝘁𝗶𝗹𝗹 𝗽𝗮𝘆𝗶𝗻𝗴 𝗺𝗼𝗿𝗲 𝗮𝘀 𝘆𝗼𝘂𝗿 𝗮𝘂𝘁𝗼𝗺𝗮𝘁𝗶𝗼𝗻𝘀 𝗴𝗿𝗼𝘄?  Meet 𝗡𝗶𝘅𝗳𝗹𝗼𝘄  an AI-native workflow automation platform that lets you describe your workflow in plain English, and AI builds it for you.  Why 𝗡𝗶𝘅𝗳𝗹𝗼𝘄 stands out:  → AI builds workflows https://t.co/nUuCFa8gsS
Moneycab	2026-06-30T09:13:03.000Z	2	0	0	0	0	13	https://x.com/Moneycab/status/2071884712780374078	#Salesforce erweitert sein #Agentforce Portfolio um den Agentforce Help Agent: Der direkt einsatzbereite autonome Kundensupport-Agent basiert auf der Agentforce 360 Plattform und ist für den Einsatz über mehrere Kontaktkanäle ausgelegt. https://t.co/w69l4NGjMD https://t.co/uEcOaLV97Q
OviroroO	2026-06-30T17:07:40.000Z	1	0	0	0	0	110	https://x.com/OviroroO/status/2072004152540946608	Built another AI Agent with n8n!  I created a Telegram AI Agent that provides 2026 FIFA World Cup updates.  Key concepts I practiced: ⚽ AI Agents 🤖 Prompt Engineering (role, tone, goals &amp; guardrails) 🔍 Live Web Search with SerpAPI 💬 Telegram Integration ⚙️ Workflow automation
OviroroO	2026-06-30T17:11:08.000Z	1	0	1	0	0	93	https://x.com/OviroroO/status/2072005023798612283	🚀 Built a Telegram AI Agent with n8n that uses OpenAI + SerpAPI to search Google for live 2026 FIFA World Cup updates before responding. Great practice with AI agents, prompt engineering, tool calling, and workflow automation.  #n8n #AIAgents #OpenAI #Automation
Talkn2Blazers	2026-07-04T14:02:43.000Z	1	0	0	0	0	4	https://x.com/Talkn2Blazers/status/2073407157517643827	🌶️ Audit Readiness: Agentforce vs Manual Audit Preparation  Instant audit package vs three-week evidence scramble. Compliance teams prefer automation. 📦  #SaaSySauce #Agentforce #AIGovernance https://t.co/HfnKnc5Ohw
iGamesDev	2026-07-03T15:41:33.000Z	1	0	0	0	0	116	https://x.com/iGamesDev/status/2073069644047339683	4 open-source AI tools worth your time right now:  1) n8n - Visual workflow automation with 400+ integrations and native AI. Self-hosted, fair-code. Build AI pipelines without glue code. https://t.co/KhCB5eOWD4  2) Dify - Production platform for AI apps. RAG, MCP support,
korba_jr	2026-07-01T14:00:04.000Z	1	0	0	0	0	14	https://x.com/korba_jr/status/2072319330893619690	Most AI products should not start with automation.  They should start with deletion.  What step can disappear completely?  Not faster. Not prettier. Gone.  Example: If a small business still has to copy supplier data into Excel after using your tool, you did not automate the
AnandButani	2026-07-03T14:28:22.000Z	0	0	0	0	0	19	https://x.com/AnandButani/status/2073051224950133192	Bookmark this: 8 GitHub repos every AI developer should star right now  1. ⭐ OPENCLAW — 210,000+ stars    The terminal AI agent that went viral overnight    → Browser automation, scheduling, workflow automation    → Free to self-host  2. 🔥 OLLAMA — 165,000+ stars    Run any
AnandButani	2026-07-03T14:31:13.000Z	0	0	0	0	0	13	https://x.com/AnandButani/status/2073051945552760866	🔖BOOKMARK THIS!  🚨8 GITHUB REPOS YOU CAN'T MISS   1. ⭐ OPENCLAW — 210,000+ stars    The terminal AI agent that went viral overnight    → Browser automation, scheduling, workflow automation    → Free to self-host  2. 🔥 OLLAMA — 165,000+ stars    Run any LLM locally. No data
AtTheEnterprise	2026-07-04T14:12:00.000Z	0	0	0	0	0	10	https://x.com/AtTheEnterprise/status/2073409494487544251	Salesforce’s acquisition spree points to a bigger Agentforce play across data, content and AI automation.  🌐:https://t.co/cVAV3facTV  #Salesforce #Agentforce #EnterpriseAI #CRM #CX https://t.co/Q9qpvMcXMV
Crownn_AI	2026-07-05T09:09:44.000Z	0	0	0	0	0	3	https://x.com/Crownn_AI/status/2073695815927820711	Built an AI voice agent for a restaurant.  Stack: Vapi + ElevenLabs + OpenAI + n8n  Features: • 📞 Call handling • 🍽️ Reservations • 📍 Business information • 🔄 Workflow automation Designed to reduce missed calls, inquiries, and improve experience. #AI #VoiceAI #AIAutomation https://t.co/gcxnJw9rfD
Durkioearlybird	2026-07-01T22:03:57.000Z	0	0	1	0	0	30	https://x.com/Durkioearlybird/status/2072441100065755561	Built an end to end operational workflow for a Canadian small business.  Order comes in next , AI Agent mode writes the summary, then kitchen instructions,  sheet logs it, kitchen gets notified, status flips so nothing fires twice.   Automation scraping repetitive task. https://t.co/Z6vkzgWZMe
GoodFellasTech	2026-07-03T16:06:33.000Z	0	0	0	0	0	10	https://x.com/GoodFellasTech/status/2073075934895153194	Stop basic prompts. 🛑 Most miss real AI automation for small business: Standard, Agents, &amp; MCP. Sneaky sneaky workflow automation. 😉 Sorry competitors! 📉 Grab the edge: https://t.co/aOghwRLoHi #AIagents https://t.co/d9y59UvcBH
HappyMonkeyAI	2026-07-03T23:45:30.000Z	0	0	1	0	0	17	https://x.com/HappyMonkeyAI/status/2073191432731451651	🤖 A useful AI workflow should make verification easier, not harder.  For a small business, that means clear handoffs: • what AI drafted • what data it used • what a human approves  Trust is part of the automation.
MaisDaifallah	2026-07-02T17:48:53.000Z	0	0	1	0	0	50	https://x.com/MaisDaifallah/status/2072739298382684169	إذا كنت تبني Chatbot أو AI Agent باستخدام n8n فلا تتجاهل الـ Guard  طبقة حماية تفحص أي Input قبل ما يوصل للذكاء الاصطناعي وتحمي الـ Workflow من الأخطاء والاستخدام الخاطئ  #n8n #AI #AIAgents #Workflow #Automation #الذكاء_الاصطناعي #برمجة #تقنية
NewsRamp_Alerts	2026-06-30T07:35:16.000Z	0	0	1	0	0	9	https://x.com/NewsRamp_Alerts/status/2071860101338509490	Altify MCP v0.1.5 is here, bringing AI-powered account health scoring, coaching prep tools, and sales process grounding to enterprise revenue teams inside Salesforce. Agent outputs now reflect your exact methodology and terminology. #SalesExecution #Salesforce
StfCryptoPerps	2026-07-04T22:00:37.000Z	0	0	0	0	0	15	https://x.com/StfCryptoPerps/status/2073527428144574512	Worth noticing if you work in Salesforce:  In 2026 the Certified Administrator exam got an overhaul. More Agentforce and data, less manual configuration (the point-and-click days are numbered). Data &amp; Analytics is now the most heavily weighted section.  The signal is clear: the https://t.co/TyUpYI5faL
SunriseLeevot	2026-06-30T01:30:54.000Z	0	0	2	0	0	18	https://x.com/SunriseLeevot/status/2071768406894977385	AI automation gets real when a workflow stops being a chat and becomes an inspectable loop. For a small business, the value is not one more prompt. It is checkpoints, memory, validation, and clear handoff points so the agent can keep moving without creating hidden risk.
TeamAscendTech	2026-07-01T18:35:01.000Z	0	0	0	0	0	9	https://x.com/TeamAscendTech/status/2072388520614731873	Agentforce is more than another AI feature. It can handle real business tasks, but success starts with clean data, solid automation, and clear governance. Our latest guide covers what you need to know before getting started.  👉 https://t.co/i9pUGETFzo  #Salesforce #Agentforce https://t.co/dkqE9BeDRi
bhupendra_pin2	2026-07-02T17:00:30.000Z	0	0	0	0	0	0	https://x.com/bhupendra_pin2/status/2072727125149536735	Quick Summaries: Agentforce New Updates 2026(Setup With Agentforce, Agentforce Testing, Agentforce Mobile, Slack… https://t.co/spKfGMA0dY
csrlina_	2026-07-04T05:43:23.000Z	0	0	0	0	0	31	https://x.com/csrlina_/status/2073281498111947015	✅ Completed AI &amp; Automation with n8n by @myskill_id   Belajar membuat workflow automation menggunakan n8n, memahami integrasi AI, serta membangun alur otomatis untuk meningkatkan efisiensi pekerjaan.  #MySkill #n8n #AI #Automation #Workflow #TechLearning #LearnatMySkill https://t.co/1IUz9XB7Ys
hernielk1	2026-07-05T05:19:02.000Z	0	0	0	0	0	2	https://x.com/hernielk1/status/2073637757994299761	Most AI automation fails because people start with tools.  Start with one leaking workflow: - trigger - inputs - AI draft - human approval - output - review loop  Then automate the smallest useful version.  What workflow should a small business fix first?
maxtoms	2026-06-30T18:06:06.000Z	0	0	6	0	0	71	https://x.com/maxtoms/status/2072018857641054245	I’ve got room this week for one quick AI/workflow build for a small business.  Examples: • intake form → spreadsheet/CRM • invoice or field-ticket automation • simple customer portal • AI assistant for FAQs or lead capture • internal dashboard / lightweight app  Fast
mohitveer007	2026-07-03T06:39:57.000Z	0	0	0	0	0	6	https://x.com/mohitveer007/status/2072933346607542301	Just earned the Superbadge: Agentforce Service badge on @Trailhead, and you should too!   Excited to keep exploring Agentforce and Salesforce AI while building smarter customer service experiences.  https://t.co/mk77TTzS48
reitberg	2026-07-03T22:03:15.000Z	0	0	1	1	0	16	https://x.com/reitberg/status/2073165700034634231	AI use case in 2026: AI agents managing small business operations in 2026. Practical automation is moving from demo to daily workflow. #AI #Automation #Technology #FutureOfWork #2026 https://t.co/v80dH5M6Dg
so_sthbryan	2026-06-30T14:48:00.000Z	0	0	1	0	0	44	https://x.com/so_sthbryan/status/2071969003208142853	Zapier just got an open source AI native cousin for workflow automation.  ByteChef is open source low code with 180+ integrations: - Connects SaaS and internal systems without glue code - Drop in custom Python, JS, or shell steps anywhere - Self host and extend with components
